file,line,type,commit,author,date,time,timezone,datetime,depth,length
styles.css,1,css,1b6d03a6,Gavin55555555555555,2025-04-16,15:25:00,-07:00,2025-04-16T15:25:00-07:00,0,5
styles.css,2,css,79a6eaf4,Gavin55555555555555,2025-04-16,17:20:55,-07:00,2025-04-16T17:20:55-07:00,0,19
styles.css,3,css,1b6d03a6,Gavin55555555555555,2025-04-16,15:25:00,-07:00,2025-04-16T15:25:00-07:00,0,0
styles.css,4,css,1b6d03a6,Gavin55555555555555,2025-04-16,15:25:00,-07:00,2025-04-16T15:25:00-07:00,0,0
styles.css,5,css,c64e736f,Gavin55555555555555,2025-04-10,19:25:10,-07:00,2025-04-10T19:25:10-07:00,0,4
styles.css,6,css,c64e736f,Gavin55555555555555,2025-04-10,19:25:10,-07:00,2025-04-10T19:25:10-07:00,0,32
styles.css,7,css,c64e736f,Gavin55555555555555,2025-04-10,19:25:10,-07:00,2025-04-10T19:25:10-07:00,0,0
styles.css,8,css,c64e736f,Gavin55555555555555,2025-04-10,19:25:10,-07:00,2025-04-10T19:25:10-07:00,0,0
styles.css,9,css,c64e736f,Gavin55555555555555,2025-04-10,19:25:10,-07:00,2025-04-10T19:25:10-07:00,0,5
styles.css,10,css,c64e736f,Gavin55555555555555,2025-04-10,19:25:10,-07:00,2025-04-10T19:25:10-07:00,0,44
styles.css,11,css,c64e736f,Gavin55555555555555,2025-04-10,19:25:10,-07:00,2025-04-10T19:25:10-07:00,0,43
styles.css,12,css,c64e736f,Gavin55555555555555,2025-04-10,19:25:10,-07:00,2025-04-10T19:25:10-07:00,0,1
styles.css,13,css,c64e736f,Gavin55555555555555,2025-04-10,19:25:10,-07:00,2025-04-10T19:25:10-07:00,0,24
styles.css,14,css,c64e736f,Gavin55555555555555,2025-04-10,19:25:10,-07:00,2025-04-10T19:25:10-07:00,0,14
styles.css,15,css,c64e736f,Gavin55555555555555,2025-04-10,19:25:10,-07:00,2025-04-10T19:25:10-07:00,0,19
styles.css,16,css,c64e736f,Gavin55555555555555,2025-04-10,19:25:10,-07:00,2025-04-10T19:25:10-07:00,0,13
styles.css,17,css,c64e736f,Gavin55555555555555,2025-04-10,19:25:10,-07:00,2025-04-10T19:25:10-07:00,0,0
styles.css,18,css,c64e736f,Gavin55555555555555,2025-04-10,19:25:10,-07:00,2025-04-10T19:25:10-07:00,0,0
styles.css,19,css,c64e736f,Gavin55555555555555,2025-04-10,19:25:10,-07:00,2025-04-10T19:25:10-07:00,0,0
styles.css,20,css,c64e736f,Gavin55555555555555,2025-04-10,19:25:10,-07:00,2025-04-10T19:25:10-07:00,0,3
styles.css,21,css,c64e736f,Gavin55555555555555,2025-04-10,19:25:10,-07:00,2025-04-10T19:25:10-07:00,0,13
styles.css,22,css,c64e736f,Gavin55555555555555,2025-04-10,19:25:10,-07:00,2025-04-10T19:25:10-07:00,0,18
styles.css,23,css,c64e736f,Gavin55555555555555,2025-04-10,19:25:10,-07:00,2025-04-10T19:25:10-07:00,0,24
styles.css,24,css,c64e736f,Gavin55555555555555,2025-04-10,19:25:10,-07:00,2025-04-10T19:25:10-07:00,0,26
styles.css,25,css,392d3921,Gavin55555555555555,2025-04-16,15:36:34,-07:00,2025-04-16T15:36:34-07:00,0,45
styles.css,26,css,c64e736f,Gavin55555555555555,2025-04-10,19:25:10,-07:00,2025-04-10T19:25:10-07:00,0,0
styles.css,27,css,c64e736f,Gavin55555555555555,2025-04-10,19:25:10,-07:00,2025-04-10T19:25:10-07:00,0,0
styles.css,28,css,04b40b3a,Gavin55555555555555,2025-04-10,21:10:46,-07:00,2025-04-10T21:10:46-07:00,0,1
styles.css,29,css,c64e736f,Gavin55555555555555,2025-04-10,19:25:10,-07:00,2025-04-10T19:25:10-07:00,0,8
styles.css,30,css,c64e736f,Gavin55555555555555,2025-04-10,19:25:10,-07:00,2025-04-10T19:25:10-07:00,0,21
styles.css,31,css,c64e736f,Gavin55555555555555,2025-04-10,19:25:10,-07:00,2025-04-10T19:25:10-07:00,0,14
styles.css,32,css,c64e736f,Gavin55555555555555,2025-04-10,19:25:10,-07:00,2025-04-10T19:25:10-07:00,0,18
styles.css,33,css,c64e736f,Gavin55555555555555,2025-04-10,19:25:10,-07:00,2025-04-10T19:25:10-07:00,0,14
styles.css,34,css,a3af1e0d,Gavin55555555555555,2025-04-10,21:24:03,-07:00,2025-04-10T21:24:03-07:00,0,0
styles.css,35,css,a3af1e0d,Gavin55555555555555,2025-04-10,21:24:03,-07:00,2025-04-10T21:24:03-07:00,0,0
styles.css,36,css,a3af1e0d,Gavin55555555555555,2025-04-10,21:24:03,-07:00,2025-04-10T21:24:03-07:00,0,7
styles.css,37,css,2f77ffa4,Gavin55555555555555,2025-04-16,15:29:14,-07:00,2025-04-16T15:29:14-07:00,0,70
styles.css,38,css,a3af1e0d,Gavin55555555555555,2025-04-10,21:24:03,-07:00,2025-04-10T21:24:03-07:00,0,20
styles.css,39,css,a3af1e0d,Gavin55555555555555,2025-04-10,21:24:03,-07:00,2025-04-10T21:24:03-07:00,0,26
styles.css,40,css,b30f3c60,Gavin55555555555555,2025-04-10,21:34:58,-07:00,2025-04-10T21:34:58-07:00,0,40
styles.css,41,css,a3af1e0d,Gavin55555555555555,2025-04-10,21:24:03,-07:00,2025-04-10T21:24:03-07:00,0,21
styles.css,42,css,c64e736f,Gavin55555555555555,2025-04-10,19:25:10,-07:00,2025-04-10T19:25:10-07:00,0,0
styles.css,43,css,c64e736f,Gavin55555555555555,2025-04-10,19:25:10,-07:00,2025-04-10T19:25:10-07:00,0,9
styles.css,44,css,a3af1e0d,Gavin55555555555555,2025-04-10,21:24:03,-07:00,2025-04-10T21:24:03-07:00,0,20
styles.css,45,css,c64e736f,Gavin55555555555555,2025-04-10,19:25:10,-07:00,2025-04-10T19:25:10-07:00,0,26
styles.css,46,css,87173235,Gavin55555555555555,2025-04-18,17:06:37,-07:00,2025-04-18T17:06:37-07:00,0,45
styles.css,47,css,c64e736f,Gavin55555555555555,2025-04-10,19:25:10,-07:00,2025-04-10T19:25:10-07:00,0,21
styles.css,48,css,c64e736f,Gavin55555555555555,2025-04-10,19:25:10,-07:00,2025-04-10T19:25:10-07:00,0,0
styles.css,49,css,c64e736f,Gavin55555555555555,2025-04-10,19:25:10,-07:00,2025-04-10T19:25:10-07:00,0,0
styles.css,50,css,9e2110f5,Gavin55555555555555,2025-04-10,23:04:11,-07:00,2025-04-10T23:04:11-07:00,0,0
styles.css,51,css,34316df9,Gavin55555555555555,2025-04-10,23:15:10,-07:00,2025-04-10T23:15:10-07:00,0,4
styles.css,52,css,34316df9,Gavin55555555555555,2025-04-10,23:15:10,-07:00,2025-04-10T23:15:10-07:00,0,13
styles.css,53,css,76d1186c,Gavin55555555555555,2025-04-10,23:20:13,-07:00,2025-04-10T23:20:13-07:00,0,31
styles.css,54,css,62e3eec7,Gavin55555555555555,2025-04-10,23:33:58,-07:00,2025-04-10T23:33:58-07:00,0,8
styles.css,55,css,62e3eec7,Gavin55555555555555,2025-04-10,23:33:58,-07:00,2025-04-10T23:33:58-07:00,0,5
styles.css,56,css,76d1186c,Gavin55555555555555,2025-04-10,23:20:13,-07:00,2025-04-10T23:20:13-07:00,0,13
styles.css,57,css,76d1186c,Gavin55555555555555,2025-04-10,23:20:13,-07:00,2025-04-10T23:20:13-07:00,0,30
styles.css,58,css,5f1832ac,Gavin55555555555555,2025-04-10,23:21:48,-07:00,2025-04-10T23:21:48-07:00,0,19
styles.css,59,css,76d1186c,Gavin55555555555555,2025-04-10,23:20:13,-07:00,2025-04-10T23:20:13-07:00,0,0
styles.css,60,css,92ce3647,Gavin55555555555555,2025-04-18,17:22:12,-07:00,2025-04-18T17:22:12-07:00,0,8
styles.css,61,css,92ce3647,Gavin55555555555555,2025-04-18,17:22:12,-07:00,2025-04-18T17:22:12-07:00,0,20
styles.css,62,css,92ce3647,Gavin55555555555555,2025-04-18,17:22:12,-07:00,2025-04-18T17:22:12-07:00,0,0
styles.css,63,css,b433325c,Gavin55555555555555,2025-04-11,13:01:22,-07:00,2025-04-11T13:01:22-07:00,0,6
styles.css,64,css,b433325c,Gavin55555555555555,2025-04-11,13:01:22,-07:00,2025-04-11T13:01:22-07:00,0,17
styles.css,65,css,b433325c,Gavin55555555555555,2025-04-11,13:01:22,-07:00,2025-04-11T13:01:22-07:00,0,18
styles.css,66,css,b433325c,Gavin55555555555555,2025-04-11,13:01:22,-07:00,2025-04-11T13:01:22-07:00,0,0
styles.css,67,css,ebb65b25,Gavin55555555555555,2025-04-11,00:16:09,-07:00,2025-04-11T00:16:09-07:00,0,0
styles.css,68,css,eabbfb21,Gavin55555555555555,2025-04-11,00:27:59,-07:00,2025-04-11T00:27:59-07:00,0,0
styles.css,69,css,e5e0303f,Gavin55555555555555,2025-04-11,00:36:21,-07:00,2025-04-11T00:36:21-07:00,0,9
styles.css,70,css,eabbfb21,Gavin55555555555555,2025-04-11,00:27:59,-07:00,2025-04-11T00:27:59-07:00,0,13
styles.css,71,css,eabbfb21,Gavin55555555555555,2025-04-11,00:27:59,-07:00,2025-04-11T00:27:59-07:00,0,59
styles.css,72,css,e09ba924,Gavin55555555555555,2025-04-11,01:04:04,-07:00,2025-04-11T01:04:04-07:00,0,8
styles.css,73,css,e09ba924,Gavin55555555555555,2025-04-11,01:04:04,-07:00,2025-04-11T01:04:04-07:00,0,7
styles.css,74,css,e09ba924,Gavin55555555555555,2025-04-11,01:04:04,-07:00,2025-04-11T01:04:04-07:00,0,8
styles.css,75,css,e09ba924,Gavin55555555555555,2025-04-11,01:04:04,-07:00,2025-04-11T01:04:04-07:00,0,27
styles.css,76,css,e09ba924,Gavin55555555555555,2025-04-11,01:04:04,-07:00,2025-04-11T01:04:04-07:00,0,16
styles.css,77,css,e09ba924,Gavin55555555555555,2025-04-11,01:04:04,-07:00,2025-04-11T01:04:04-07:00,0,2
styles.css,78,css,e09ba924,Gavin55555555555555,2025-04-11,01:04:04,-07:00,2025-04-11T01:04:04-07:00,0,8
styles.css,79,css,e09ba924,Gavin55555555555555,2025-04-11,01:04:04,-07:00,2025-04-11T01:04:04-07:00,0,0
styles.css,80,css,e09ba924,Gavin55555555555555,2025-04-11,01:04:04,-07:00,2025-04-11T01:04:04-07:00,0,0
styles.css,81,css,eabbfb21,Gavin55555555555555,2025-04-11,00:27:59,-07:00,2025-04-11T00:27:59-07:00,0,0
styles.css,82,css,fa84b5d2,Gavin55555555555555,2025-04-11,11:23:04,-07:00,2025-04-11T11:23:04-07:00,0,0
styles.css,83,css,56c1ee5d,Gavin55555555555555,2025-04-11,11:32:16,-07:00,2025-04-11T11:32:16-07:00,0,19
styles.css,84,css,fa84b5d2,Gavin55555555555555,2025-04-11,11:23:04,-07:00,2025-04-11T11:23:04-07:00,0,16
styles.css,85,css,fa84b5d2,Gavin55555555555555,2025-04-11,11:23:04,-07:00,2025-04-11T11:23:04-07:00,0,18
styles.css,86,css,fa84b5d2,Gavin55555555555555,2025-04-11,11:23:04,-07:00,2025-04-11T11:23:04-07:00,0,0
styles.css,87,css,fa84b5d2,Gavin55555555555555,2025-04-11,11:23:04,-07:00,2025-04-11T11:23:04-07:00,0,0
styles.css,88,css,fa84b5d2,Gavin55555555555555,2025-04-11,11:23:04,-07:00,2025-04-11T11:23:04-07:00,0,2
styles.css,89,css,39873ac9,Gavin55555555555555,2025-04-11,13:34:26,-07:00,2025-04-11T13:34:26-07:00,0,13
styles.css,90,css,80835bb6,Gavin55555555555555,2025-04-11,13:37:27,-07:00,2025-04-11T13:37:27-07:00,0,30
styles.css,91,css,fa84b5d2,Gavin55555555555555,2025-04-11,11:23:04,-07:00,2025-04-11T11:23:04-07:00,0,15
styles.css,92,css,fa84b5d2,Gavin55555555555555,2025-04-11,11:23:04,-07:00,2025-04-11T11:23:04-07:00,0,0
styles.css,93,css,fa84b5d2,Gavin55555555555555,2025-04-11,11:23:04,-07:00,2025-04-11T11:23:04-07:00,0,0
styles.css,94,css,51f7cc31,Gavin55555555555555,2025-04-11,12:15:33,-07:00,2025-04-11T12:15:33-07:00,0,7
styles.css,95,css,51f7cc31,Gavin55555555555555,2025-04-11,12:15:33,-07:00,2025-04-11T12:15:33-07:00,0,12
styles.css,96,css,51f7cc31,Gavin55555555555555,2025-04-11,12:15:33,-07:00,2025-04-11T12:15:33-07:00,0,32
styles.css,97,css,61afaccc,Gavin55555555555555,2025-04-11,15:00:23,-07:00,2025-04-11T15:00:23-07:00,0,43
styles.css,98,css,971983e1,Gavin55555555555555,2025-04-11,12:19:36,-07:00,2025-04-11T12:19:36-07:00,0,8
styles.css,99,css,971983e1,Gavin55555555555555,2025-04-11,12:19:36,-07:00,2025-04-11T12:19:36-07:00,0,2
styles.css,100,css,cb2c61da,Gavin55555555555555,2025-04-11,13:45:29,-07:00,2025-04-11T13:45:29-07:00,0,20
styles.css,101,css,cb2c61da,Gavin55555555555555,2025-04-11,13:45:29,-07:00,2025-04-11T13:45:29-07:00,0,18
styles.css,102,css,cb2c61da,Gavin55555555555555,2025-04-11,13:45:29,-07:00,2025-04-11T13:45:29-07:00,0,22
styles.css,103,css,61afaccc,Gavin55555555555555,2025-04-11,15:00:23,-07:00,2025-04-11T15:00:23-07:00,0,21
styles.css,104,css,4ee4e4c5,Gavin55555555555555,2025-04-11,14:48:13,-07:00,2025-04-11T14:48:13-07:00,0,15
styles.css,105,css,971983e1,Gavin55555555555555,2025-04-11,12:19:36,-07:00,2025-04-11T12:19:36-07:00,0,0
styles.css,106,css,971983e1,Gavin55555555555555,2025-04-11,12:19:36,-07:00,2025-04-11T12:19:36-07:00,0,2
styles.css,107,css,971983e1,Gavin55555555555555,2025-04-11,12:19:36,-07:00,2025-04-11T12:19:36-07:00,0,16
styles.css,108,css,971983e1,Gavin55555555555555,2025-04-11,12:19:36,-07:00,2025-04-11T12:19:36-07:00,0,20
styles.css,109,css,971983e1,Gavin55555555555555,2025-04-11,12:19:36,-07:00,2025-04-11T12:19:36-07:00,0,0
styles.css,110,css,ca689901,Gavin55555555555555,2025-04-11,14:34:54,-07:00,2025-04-11T14:34:54-07:00,0,1
styles.css,111,css,eb59950d,Gavin55555555555555,2025-04-11,14:38:33,-07:00,2025-04-11T14:38:33-07:00,0,16
styles.css,112,css,ca689901,Gavin55555555555555,2025-04-11,14:34:54,-07:00,2025-04-11T14:34:54-07:00,0,0
styles.css,113,css,51f7cc31,Gavin55555555555555,2025-04-11,12:15:33,-07:00,2025-04-11T12:15:33-07:00,0,0
styles.css,114,css,51f7cc31,Gavin55555555555555,2025-04-11,12:15:33,-07:00,2025-04-11T12:15:33-07:00,0,0
styles.css,115,css,4d59dc3c,Gavin55555555555555,2025-04-16,15:48:08,-07:00,2025-04-16T15:48:08-07:00,0,18
styles.css,116,css,4d59dc3c,Gavin55555555555555,2025-04-16,15:48:08,-07:00,2025-04-16T15:48:08-07:00,0,18
styles.css,117,css,17d84629,Gavin55555555555555,2025-04-16,18:32:21,-07:00,2025-04-16T18:32:21-07:00,0,9
styles.css,118,css,17d84629,Gavin55555555555555,2025-04-16,18:32:21,-07:00,2025-04-16T18:32:21-07:00,0,11
styles.css,119,css,4d59dc3c,Gavin55555555555555,2025-04-16,15:48:08,-07:00,2025-04-16T15:48:08-07:00,0,20
styles.css,120,css,4d59dc3c,Gavin55555555555555,2025-04-16,15:48:08,-07:00,2025-04-16T15:48:08-07:00,0,14
styles.css,121,css,4d59dc3c,Gavin55555555555555,2025-04-16,15:48:08,-07:00,2025-04-16T15:48:08-07:00,0,0
styles.css,122,css,a8962d4f,Gavin55555555555555,2025-04-24,10:01:45,-07:00,2025-04-24T10:01:45-07:00,0,0
styles.css,123,css,a8962d4f,Gavin55555555555555,2025-04-24,10:01:45,-07:00,2025-04-24T10:01:45-07:00,0,6
styles.css,124,css,a8962d4f,Gavin55555555555555,2025-04-24,10:01:45,-07:00,2025-04-24T10:01:45-07:00,0,13
styles.css,125,css,a8962d4f,Gavin55555555555555,2025-04-24,10:01:45,-07:00,2025-04-24T10:01:45-07:00,0,30
styles.css,126,css,a8962d4f,Gavin55555555555555,2025-04-24,10:01:45,-07:00,2025-04-24T10:01:45-07:00,0,36
styles.css,127,css,a8962d4f,Gavin55555555555555,2025-04-24,10:01:45,-07:00,2025-04-24T10:01:45-07:00,0,3
styles.css,128,css,a8962d4f,Gavin55555555555555,2025-04-24,10:01:45,-07:00,2025-04-24T10:01:45-07:00,0,17
styles.css,129,css,a8962d4f,Gavin55555555555555,2025-04-24,10:01:45,-07:00,2025-04-24T10:01:45-07:00,0,15
styles.css,130,css,a8962d4f,Gavin55555555555555,2025-04-24,10:01:45,-07:00,2025-04-24T10:01:45-07:00,0,20
styles.css,131,css,a8962d4f,Gavin55555555555555,2025-04-24,10:01:45,-07:00,2025-04-24T10:01:45-07:00,0,0
styles.css,132,css,a8962d4f,Gavin55555555555555,2025-04-24,10:01:45,-07:00,2025-04-24T10:01:45-07:00,0,2
styles.css,133,css,a8962d4f,Gavin55555555555555,2025-04-24,10:01:45,-07:00,2025-04-24T10:01:45-07:00,0,19
styles.css,134,css,a8962d4f,Gavin55555555555555,2025-04-24,10:01:45,-07:00,2025-04-24T10:01:45-07:00,0,17
styles.css,135,css,a8962d4f,Gavin55555555555555,2025-04-24,10:01:45,-07:00,2025-04-24T10:01:45-07:00,0,0
styles.css,136,css,a8962d4f,Gavin55555555555555,2025-04-24,10:01:45,-07:00,2025-04-24T10:01:45-07:00,0,0
styles.css,137,css,a8962d4f,Gavin55555555555555,2025-04-24,10:01:45,-07:00,2025-04-24T10:01:45-07:00,0,2
styles.css,138,css,a8962d4f,Gavin55555555555555,2025-04-24,10:01:45,-07:00,2025-04-24T10:01:45-07:00,0,19
styles.css,139,css,a8962d4f,Gavin55555555555555,2025-04-24,10:01:45,-07:00,2025-04-24T10:01:45-07:00,0,17
styles.css,140,css,a8962d4f,Gavin55555555555555,2025-04-24,10:01:45,-07:00,2025-04-24T10:01:45-07:00,0,0
styles.css,141,css,a8962d4f,Gavin55555555555555,2025-04-24,10:01:45,-07:00,2025-04-24T10:01:45-07:00,0,0
styles.css,142,css,a8962d4f,Gavin55555555555555,2025-04-24,10:01:45,-07:00,2025-04-24T10:01:45-07:00,0,0
styles.css,143,css,f3abfbca,Gavin55555555555555,2025-05-01,12:28:59,-07:00,2025-05-01T12:28:59-07:00,0,14
styles.css,144,css,f3abfbca,Gavin55555555555555,2025-05-01,12:28:59,-07:00,2025-05-01T12:28:59-07:00,0,15
styles.css,145,css,f3abfbca,Gavin55555555555555,2025-05-01,12:28:59,-07:00,2025-05-01T12:28:59-07:00,0,16
styles.css,146,css,f3abfbca,Gavin55555555555555,2025-05-01,12:28:59,-07:00,2025-05-01T12:28:59-07:00,0,17
styles.css,147,css,f3abfbca,Gavin55555555555555,2025-05-01,12:28:59,-07:00,2025-05-01T12:28:59-07:00,0,17
styles.css,148,css,f3abfbca,Gavin55555555555555,2025-05-01,12:28:59,-07:00,2025-05-01T12:28:59-07:00,0,0
styles.css,149,css,f3abfbca,Gavin55555555555555,2025-05-01,12:28:59,-07:00,2025-05-01T12:28:59-07:00,0,10
styles.css,150,css,f3abfbca,Gavin55555555555555,2025-05-01,12:28:59,-07:00,2025-05-01T12:28:59-07:00,0,13
styles.css,151,css,f3abfbca,Gavin55555555555555,2025-05-01,12:28:59,-07:00,2025-05-01T12:28:59-07:00,0,9
styles.css,152,css,f3abfbca,Gavin55555555555555,2025-05-01,12:28:59,-07:00,2025-05-01T12:28:59-07:00,0,19
styles.css,153,css,f3abfbca,Gavin55555555555555,2025-05-01,12:28:59,-07:00,2025-05-01T12:28:59-07:00,0,0
styles.css,154,css,f3abfbca,Gavin55555555555555,2025-05-01,12:28:59,-07:00,2025-05-01T12:28:59-07:00,0,9
styles.css,155,css,f3abfbca,Gavin55555555555555,2025-05-01,12:28:59,-07:00,2025-05-01T12:28:59-07:00,0,7
styles.css,156,css,f3abfbca,Gavin55555555555555,2025-05-01,12:28:59,-07:00,2025-05-01T12:28:59-07:00,0,13
styles.css,157,css,f3abfbca,Gavin55555555555555,2025-05-01,12:28:59,-07:00,2025-05-01T12:28:59-07:00,0,58
styles.css,158,css,f3abfbca,Gavin55555555555555,2025-05-01,12:28:59,-07:00,2025-05-01T12:28:59-07:00,0,19
styles.css,159,css,f3abfbca,Gavin55555555555555,2025-05-01,12:28:59,-07:00,2025-05-01T12:28:59-07:00,0,38
styles.css,160,css,f3abfbca,Gavin55555555555555,2025-05-01,12:28:59,-07:00,2025-05-01T12:28:59-07:00,0,0
styles.css,161,css,f3abfbca,Gavin55555555555555,2025-05-01,12:28:59,-07:00,2025-05-01T12:28:59-07:00,0,7
styles.css,162,css,f3abfbca,Gavin55555555555555,2025-05-01,12:28:59,-07:00,2025-05-01T12:28:59-07:00,0,12
styles.css,163,css,f3abfbca,Gavin55555555555555,2025-05-01,12:28:59,-07:00,2025-05-01T12:28:59-07:00,0,17
styles.css,164,css,f3abfbca,Gavin55555555555555,2025-05-01,12:28:59,-07:00,2025-05-01T12:28:59-07:00,0,30
styles.css,165,css,f3abfbca,Gavin55555555555555,2025-05-01,12:28:59,-07:00,2025-05-01T12:28:59-07:00,0,18
styles.css,166,css,f3abfbca,Gavin55555555555555,2025-05-01,12:28:59,-07:00,2025-05-01T12:28:59-07:00,0,13
styles.css,167,css,f3abfbca,Gavin55555555555555,2025-05-01,12:28:59,-07:00,2025-05-01T12:28:59-07:00,0,19
styles.css,168,css,f3abfbca,Gavin55555555555555,2025-05-01,12:28:59,-07:00,2025-05-01T12:28:59-07:00,0,0
styles.css,169,css,f3abfbca,Gavin55555555555555,2025-05-01,12:28:59,-07:00,2025-05-01T12:28:59-07:00,0,15
styles.css,170,css,f3abfbca,Gavin55555555555555,2025-05-01,12:28:59,-07:00,2025-05-01T12:28:59-07:00,0,13
styles.css,171,css,f3abfbca,Gavin55555555555555,2025-05-01,12:28:59,-07:00,2025-05-01T12:28:59-07:00,0,15
styles.css,172,css,f3abfbca,Gavin55555555555555,2025-05-01,12:28:59,-07:00,2025-05-01T12:28:59-07:00,0,19
styles.css,173,css,f3abfbca,Gavin55555555555555,2025-05-01,12:28:59,-07:00,2025-05-01T12:28:59-07:00,0,9
styles.css,174,css,f3abfbca,Gavin55555555555555,2025-05-01,12:28:59,-07:00,2025-05-01T12:28:59-07:00,0,13
styles.css,175,css,f3abfbca,Gavin55555555555555,2025-05-01,12:28:59,-07:00,2025-05-01T12:28:59-07:00,0,0
styles.css,176,css,f3abfbca,Gavin55555555555555,2025-05-01,12:28:59,-07:00,2025-05-01T12:28:59-07:00,0,0
styles.css,177,css,3f551665,Gavin55555555555555,2025-05-01,17:56:41,-07:00,2025-05-01T17:56:41-07:00,0,0
styles.css,178,css,3f551665,Gavin55555555555555,2025-05-01,17:56:41,-07:00,2025-05-01T17:56:41-07:00,0,18
styles.css,179,css,3f551665,Gavin55555555555555,2025-05-01,17:56:41,-07:00,2025-05-01T17:56:41-07:00,0,17
styles.css,180,css,3f551665,Gavin55555555555555,2025-05-01,17:56:41,-07:00,2025-05-01T17:56:41-07:00,0,12
styles.css,181,css,3f551665,Gavin55555555555555,2025-05-01,17:56:41,-07:00,2025-05-01T17:56:41-07:00,0,0
styles.css,182,css,3f551665,Gavin55555555555555,2025-05-01,17:56:41,-07:00,2025-05-01T17:56:41-07:00,0,0
styles.css,183,css,3f551665,Gavin55555555555555,2025-05-01,17:56:41,-07:00,2025-05-01T17:56:41-07:00,0,5
styles.css,184,css,3f551665,Gavin55555555555555,2025-05-01,17:56:41,-07:00,2025-05-01T17:56:41-07:00,0,17
styles.css,185,css,3f551665,Gavin55555555555555,2025-05-01,17:56:41,-07:00,2025-05-01T17:56:41-07:00,0,15
styles.css,186,css,3f551665,Gavin55555555555555,2025-05-01,17:56:41,-07:00,2025-05-01T17:56:41-07:00,0,0
styles.css,187,css,3f551665,Gavin55555555555555,2025-05-01,17:56:41,-07:00,2025-05-01T17:56:41-07:00,0,0
styles.css,188,css,3f551665,Gavin55555555555555,2025-05-01,17:56:41,-07:00,2025-05-01T17:56:41-07:00,0,10
styles.css,189,css,3f551665,Gavin55555555555555,2025-05-01,17:56:41,-07:00,2025-05-01T17:56:41-07:00,0,36
styles.css,190,css,3f551665,Gavin55555555555555,2025-05-01,17:56:41,-07:00,2025-05-01T17:56:41-07:00,0,0
styles.css,191,css,3f551665,Gavin55555555555555,2025-05-01,17:56:41,-07:00,2025-05-01T17:56:41-07:00,0,11
styles.css,192,css,3f551665,Gavin55555555555555,2025-05-01,17:56:41,-07:00,2025-05-01T17:56:41-07:00,0,18
styles.css,193,css,3f551665,Gavin55555555555555,2025-05-01,17:56:41,-07:00,2025-05-01T17:56:41-07:00,0,0
styles.css,194,css,3f551665,Gavin55555555555555,2025-05-01,17:56:41,-07:00,2025-05-01T17:56:41-07:00,0,0
style.css,1,css,8ddb9616,Gavin55555555555555,2025-04-10,19:17:33,-07:00,2025-04-10T19:17:33-07:00,0,4
style.css,2,css,8ddb9616,Gavin55555555555555,2025-04-10,19:17:33,-07:00,2025-04-10T19:17:33-07:00,0,32
style.css,3,css,8ddb9616,Gavin55555555555555,2025-04-10,19:17:33,-07:00,2025-04-10T19:17:33-07:00,0,0
style.css,4,css,8ddb9616,Gavin55555555555555,2025-04-10,19:17:33,-07:00,2025-04-10T19:17:33-07:00,0,0
style.css,5,css,3afbbebe,Gavin55555555555555,2025-04-03,00:48:10,-07:00,2025-04-03T00:48:10-07:00,0,5
style.css,6,css,3afbbebe,Gavin55555555555555,2025-04-03,00:48:10,-07:00,2025-04-03T00:48:10-07:00,0,44
style.css,7,css,3afbbebe,Gavin55555555555555,2025-04-03,00:48:10,-07:00,2025-04-03T00:48:10-07:00,0,43
style.css,8,css,3afbbebe,Gavin55555555555555,2025-04-03,00:48:10,-07:00,2025-04-03T00:48:10-07:00,0,1
style.css,9,css,3afbbebe,Gavin55555555555555,2025-04-03,00:48:10,-07:00,2025-04-03T00:48:10-07:00,0,24
style.css,10,css,d19f5ce6,Gavin55555555555555,2025-04-10,19:01:31,-07:00,2025-04-10T19:01:31-07:00,0,14
style.css,11,css,d19f5ce6,Gavin55555555555555,2025-04-10,19:01:31,-07:00,2025-04-10T19:01:31-07:00,0,19
style.css,12,css,d19f5ce6,Gavin55555555555555,2025-04-10,19:01:31,-07:00,2025-04-10T19:01:31-07:00,0,13
style.css,13,css,d19f5ce6,Gavin55555555555555,2025-04-10,19:01:31,-07:00,2025-04-10T19:01:31-07:00,0,0
style.css,14,css,d19f5ce6,Gavin55555555555555,2025-04-10,19:01:31,-07:00,2025-04-10T19:01:31-07:00,0,0
style.css,15,css,d19f5ce6,Gavin55555555555555,2025-04-10,19:01:31,-07:00,2025-04-10T19:01:31-07:00,0,0
style.css,16,css,d19f5ce6,Gavin55555555555555,2025-04-10,19:01:31,-07:00,2025-04-10T19:01:31-07:00,0,3
style.css,17,css,d19f5ce6,Gavin55555555555555,2025-04-10,19:01:31,-07:00,2025-04-10T19:01:31-07:00,0,13
style.css,18,css,95f2556a,Gavin55555555555555,2025-04-10,19:11:53,-07:00,2025-04-10T19:11:53-07:00,0,18
style.css,19,css,95f2556a,Gavin55555555555555,2025-04-10,19:11:53,-07:00,2025-04-10T19:11:53-07:00,0,24
style.css,20,css,95f2556a,Gavin55555555555555,2025-04-10,19:11:53,-07:00,2025-04-10T19:11:53-07:00,0,26
style.css,21,css,95f2556a,Gavin55555555555555,2025-04-10,19:11:53,-07:00,2025-04-10T19:11:53-07:00,0,38
style.css,22,css,95f2556a,Gavin55555555555555,2025-04-10,19:11:53,-07:00,2025-04-10T19:11:53-07:00,0,0
style.css,23,css,95f2556a,Gavin55555555555555,2025-04-10,19:11:53,-07:00,2025-04-10T19:11:53-07:00,0,0
style.css,24,css,d19f5ce6,Gavin55555555555555,2025-04-10,19:01:31,-07:00,2025-04-10T19:01:31-07:00,0,1
style.css,25,css,d19f5ce6,Gavin55555555555555,2025-04-10,19:01:31,-07:00,2025-04-10T19:01:31-07:00,0,8
style.css,26,css,95f2556a,Gavin55555555555555,2025-04-10,19:11:53,-07:00,2025-04-10T19:11:53-07:00,0,21
style.css,27,css,95f2556a,Gavin55555555555555,2025-04-10,19:11:53,-07:00,2025-04-10T19:11:53-07:00,0,14
style.css,28,css,95f2556a,Gavin55555555555555,2025-04-10,19:11:53,-07:00,2025-04-10T19:11:53-07:00,0,18
style.css,29,css,95f2556a,Gavin55555555555555,2025-04-10,19:11:53,-07:00,2025-04-10T19:11:53-07:00,0,14
style.css,30,css,95f2556a,Gavin55555555555555,2025-04-10,19:11:53,-07:00,2025-04-10T19:11:53-07:00,0,0
style.css,31,css,95f2556a,Gavin55555555555555,2025-04-10,19:11:53,-07:00,2025-04-10T19:11:53-07:00,0,9
style.css,32,css,95f2556a,Gavin55555555555555,2025-04-10,19:11:53,-07:00,2025-04-10T19:11:53-07:00,0,26
style.css,33,css,95f2556a,Gavin55555555555555,2025-04-10,19:11:53,-07:00,2025-04-10T19:11:53-07:00,0,38
style.css,34,css,95f2556a,Gavin55555555555555,2025-04-10,19:11:53,-07:00,2025-04-10T19:11:53-07:00,0,21
style.css,35,css,d19f5ce6,Gavin55555555555555,2025-04-10,19:01:31,-07:00,2025-04-10T19:01:31-07:00,0,0
style.css,36,css,8ddb9616,Gavin55555555555555,2025-04-10,19:17:33,-07:00,2025-04-10T19:17:33-07:00,0,7
style.css,37,css,8ddb9616,Gavin55555555555555,2025-04-10,19:17:33,-07:00,2025-04-10T19:17:33-07:00,0,33
style.css,38,css,8ddb9616,Gavin55555555555555,2025-04-10,19:17:33,-07:00,2025-04-10T19:17:33-07:00,0,0
style.css,39,css,d19f5ce6,Gavin55555555555555,2025-04-10,19:01:31,-07:00,2025-04-10T19:01:31-07:00,0,0
index.js,1,js,a8962d4f,Gavin55555555555555,2025-04-24,10:01:45,-07:00,2025-04-24T10:01:45-07:00,0,71
index.js,2,js,a8962d4f,Gavin55555555555555,2025-04-24,10:01:45,-07:00,2025-04-24T10:01:45-07:00,0,17
index.js,3,js,a8962d4f,Gavin55555555555555,2025-04-24,10:01:45,-07:00,2025-04-24T10:01:45-07:00,0,55
index.js,4,js,a8962d4f,Gavin55555555555555,2025-04-24,10:01:45,-07:00,2025-04-24T10:01:45-07:00,0,43
index.js,5,js,a8962d4f,Gavin55555555555555,2025-04-24,10:01:45,-07:00,2025-04-24T10:01:45-07:00,0,55
index.js,6,js,a8962d4f,Gavin55555555555555,2025-04-24,10:01:45,-07:00,2025-04-24T10:01:45-07:00,0,30
index.js,7,js,a8962d4f,Gavin55555555555555,2025-04-24,10:01:45,-07:00,2025-04-24T10:01:45-07:00,0,43
index.js,8,js,a8962d4f,Gavin55555555555555,2025-04-24,10:01:45,-07:00,2025-04-24T10:01:45-07:00,0,49
index.js,9,js,a8962d4f,Gavin55555555555555,2025-04-24,10:01:45,-07:00,2025-04-24T10:01:45-07:00,0,51
index.js,10,js,a8962d4f,Gavin55555555555555,2025-04-24,10:01:45,-07:00,2025-04-24T10:01:45-07:00,0,40
index.js,11,js,a8962d4f,Gavin55555555555555,2025-04-24,10:01:45,-07:00,2025-04-24T10:01:45-07:00,0,36
index.js,12,js,a8962d4f,Gavin55555555555555,2025-04-24,10:01:45,-07:00,2025-04-24T10:01:45-07:00,0,20
index.js,13,js,a8962d4f,Gavin55555555555555,2025-04-24,10:01:45,-07:00,2025-04-24T10:01:45-07:00,0,31
index.js,14,js,a8962d4f,Gavin55555555555555,2025-04-24,10:01:45,-07:00,2025-04-24T10:01:45-07:00,0,15
index.js,15,js,a8962d4f,Gavin55555555555555,2025-04-24,10:01:45,-07:00,2025-04-24T10:01:45-07:00,0,42
index.js,16,js,a8962d4f,Gavin55555555555555,2025-04-24,10:01:45,-07:00,2025-04-24T10:01:45-07:00,0,54
index.js,17,js,a8962d4f,Gavin55555555555555,2025-04-24,10:01:45,-07:00,2025-04-24T10:01:45-07:00,0,18
index.js,18,js,a8962d4f,Gavin55555555555555,2025-04-24,10:01:45,-07:00,2025-04-24T10:01:45-07:00,0,25
index.js,19,js,a8962d4f,Gavin55555555555555,2025-04-24,10:01:45,-07:00,2025-04-24T10:01:45-07:00,0,47
index.js,20,js,a8962d4f,Gavin55555555555555,2025-04-24,10:01:45,-07:00,2025-04-24T10:01:45-07:00,0,17
index.js,21,js,a8962d4f,Gavin55555555555555,2025-04-24,10:01:45,-07:00,2025-04-24T10:01:45-07:00,0,64
index.js,22,js,a8962d4f,Gavin55555555555555,2025-04-24,10:01:45,-07:00,2025-04-24T10:01:45-07:00,0,56
index.js,23,js,a8962d4f,Gavin55555555555555,2025-04-24,10:01:45,-07:00,2025-04-24T10:01:45-07:00,0,56
index.js,24,js,a8962d4f,Gavin55555555555555,2025-04-24,10:01:45,-07:00,2025-04-24T10:01:45-07:00,0,50
index.js,25,js,a8962d4f,Gavin55555555555555,2025-04-24,10:01:45,-07:00,2025-04-24T10:01:45-07:00,0,50
index.js,26,js,a8962d4f,Gavin55555555555555,2025-04-24,10:01:45,-07:00,2025-04-24T10:01:45-07:00,0,4
index.js,27,js,a8962d4f,Gavin55555555555555,2025-04-24,10:01:45,-07:00,2025-04-24T10:01:45-07:00,0,1
index.js,28,js,a8962d4f,Gavin55555555555555,2025-04-24,10:01:45,-07:00,2025-04-24T10:01:45-07:00,0,0
index.js,29,js,a8962d4f,Gavin55555555555555,2025-04-24,10:01:45,-07:00,2025-04-24T10:01:45-07:00,0,0
index.html,1,html,3afbbebe,Gavin55555555555555,2025-04-03,00:48:10,-07:00,2025-04-03T00:48:10-07:00,0,14
index.html,2,html,3afbbebe,Gavin55555555555555,2025-04-03,00:48:10,-07:00,2025-04-03T00:48:10-07:00,0,15
index.html,3,html,3afbbebe,Gavin55555555555555,2025-04-03,00:48:10,-07:00,2025-04-03T00:48:10-07:00,0,5
index.html,4,html,3afbbebe,Gavin55555555555555,2025-04-03,00:48:10,-07:00,2025-04-03T00:48:10-07:00,0,21
index.html,5,html,3afbbebe,Gavin55555555555555,2025-04-03,00:48:10,-07:00,2025-04-03T00:48:10-07:00,0,69
index.html,6,html,3afbbebe,Gavin55555555555555,2025-04-03,00:48:10,-07:00,2025-04-03T00:48:10-07:00,0,51
index.html,7,html,3afbbebe,Gavin55555555555555,2025-04-03,00:48:10,-07:00,2025-04-03T00:48:10-07:00,0,40
index.html,8,html,91c0183d,Gavin55555555555555,2025-04-24,10:20:52,-07:00,2025-04-24T10:20:52-07:00,0,66
index.html,9,html,91c0183d,Gavin55555555555555,2025-04-24,10:20:52,-07:00,2025-04-24T10:20:52-07:00,0,65
index.html,10,html,3afbbebe,Gavin55555555555555,2025-04-03,00:48:10,-07:00,2025-04-03T00:48:10-07:00,0,6
index.html,11,html,3afbbebe,Gavin55555555555555,2025-04-03,00:48:10,-07:00,2025-04-03T00:48:10-07:00,0,5
index.html,12,html,a8962d4f,Gavin55555555555555,2025-04-24,10:01:45,-07:00,2025-04-24T10:01:45-07:00,0,27
index.html,13,html,b19aeea7,Gavin55555555555555,2025-04-11,11:27:47,-07:00,2025-04-11T11:27:47-07:00,0,0
index.html,14,html,b19aeea7,Gavin55555555555555,2025-04-11,11:27:47,-07:00,2025-04-11T11:27:47-07:00,0,18
index.html,15,html,b19aeea7,Gavin55555555555555,2025-04-11,11:27:47,-07:00,2025-04-11T11:27:47-07:00,0,111
index.html,16,html,b19aeea7,Gavin55555555555555,2025-04-11,11:27:47,-07:00,2025-04-11T11:27:47-07:00,0,52
index.html,17,html,a8962d4f,Gavin55555555555555,2025-04-24,10:01:45,-07:00,2025-04-24T10:01:45-07:00,0,78
index.html,18,html,a8962d4f,Gavin55555555555555,2025-04-24,10:01:45,-07:00,2025-04-24T10:01:45-07:00,0,5
index.html,19,html,a8962d4f,Gavin55555555555555,2025-04-24,10:01:45,-07:00,2025-04-24T10:01:45-07:00,0,21
index.html,20,html,b19aeea7,Gavin55555555555555,2025-04-11,11:27:47,-07:00,2025-04-11T11:27:47-07:00,0,5
index.html,21,html,3afbbebe,Gavin55555555555555,2025-04-03,00:48:10,-07:00,2025-04-03T00:48:10-07:00,0,6
index.html,22,html,3afbbebe,Gavin55555555555555,2025-04-03,00:48:10,-07:00,2025-04-03T00:48:10-07:00,0,6
global.js,1,js,a9d861f1,Gavin55555555555555,2025-04-12,21:56:23,-07:00,2025-04-12T21:56:23-07:00,0,26
global.js,2,js,a9d861f1,Gavin55555555555555,2025-04-12,21:56:23,-07:00,2025-04-12T21:56:23-07:00,0,0
global.js,3,js,a9d861f1,Gavin55555555555555,2025-04-12,21:56:23,-07:00,2025-04-12T21:56:23-07:00,0,42
global.js,4,js,a9d861f1,Gavin55555555555555,2025-04-12,21:56:23,-07:00,2025-04-12T21:56:23-07:00,0,53
global.js,5,js,6305b4e3,Gavin55555555555555,2025-04-13,16:19:12,-07:00,2025-04-13T16:19:12-07:00,0,0
global.js,6,js,40c36df1,Gavin55555555555555,2025-04-13,18:10:30,-07:00,2025-04-13T18:10:30-07:00,0,0
global.js,7,js,40c36df1,Gavin55555555555555,2025-04-13,18:10:30,-07:00,2025-04-13T18:10:30-07:00,0,12
global.js,8,js,40c36df1,Gavin55555555555555,2025-04-13,18:10:30,-07:00,2025-04-13T18:10:30-07:00,0,26
global.js,9,js,40c36df1,Gavin55555555555555,2025-04-13,18:10:30,-07:00,2025-04-13T18:10:30-07:00,0,39
global.js,10,js,e2ad9764,Gavin55555555555555,2025-04-13,18:33:36,-07:00,2025-04-13T18:33:36-07:00,0,37
global.js,11,js,ea17190f,Gavin55555555555555,2025-04-13,18:35:30,-07:00,2025-04-13T18:35:30-07:00,0,35
global.js,12,js,ae883059,Gavin55555555555555,2025-05-04,21:16:35,-07:00,2025-05-04T21:16:35-07:00,0,29
global.js,13,js,ea17190f,Gavin55555555555555,2025-04-13,18:35:30,-07:00,2025-04-13T18:35:30-07:00,0,63
global.js,14,js,40c36df1,Gavin55555555555555,2025-04-13,18:10:30,-07:00,2025-04-13T18:10:30-07:00,0,1
global.js,15,js,40c36df1,Gavin55555555555555,2025-04-13,18:10:30,-07:00,2025-04-13T18:10:30-07:00,0,0
global.js,16,js,8b9a55a1,Gavin55555555555555,2025-04-13,18:44:23,-07:00,2025-04-13T18:44:23-07:00,0,89
global.js,17,js,8b9a55a1,Gavin55555555555555,2025-04-13,18:44:23,-07:00,2025-04-13T18:44:23-07:00,0,37
global.js,18,js,4a7f027c,Gavin55555555555555,2025-04-13,19:14:05,-07:00,2025-04-13T19:14:05-07:00,0,49
global.js,19,js,8b9a55a1,Gavin55555555555555,2025-04-13,18:44:23,-07:00,2025-04-13T18:44:23-07:00,0,0
global.js,20,js,40c36df1,Gavin55555555555555,2025-04-13,18:10:30,-07:00,2025-04-13T18:10:30-07:00,0,39
global.js,21,js,40c36df1,Gavin55555555555555,2025-04-13,18:10:30,-07:00,2025-04-13T18:10:30-07:00,0,26
global.js,22,js,40c36df1,Gavin55555555555555,2025-04-13,18:10:30,-07:00,2025-04-13T18:10:30-07:00,0,0
global.js,23,js,f255cc38,Gavin55555555555555,2025-04-13,18:13:19,-07:00,2025-04-13T18:13:19-07:00,0,21
global.js,24,js,f255cc38,Gavin55555555555555,2025-04-13,18:13:19,-07:00,2025-04-13T18:13:19-07:00,0,15
global.js,25,js,f255cc38,Gavin55555555555555,2025-04-13,18:13:19,-07:00,2025-04-13T18:13:19-07:00,0,19
global.js,26,js,8b9a55a1,Gavin55555555555555,2025-04-13,18:44:23,-07:00,2025-04-13T18:44:23-07:00,0,29
global.js,27,js,8b9a55a1,Gavin55555555555555,2025-04-13,18:44:23,-07:00,2025-04-13T18:44:23-07:00,0,21
global.js,28,js,8b9a55a1,Gavin55555555555555,2025-04-13,18:44:23,-07:00,2025-04-13T18:44:23-07:00,0,0
global.js,29,js,57fa3997,Gavin55555555555555,2025-04-13,18:54:06,-07:00,2025-04-13T18:54:06-07:00,0,0
global.js,30,js,57fa3997,Gavin55555555555555,2025-04-13,18:54:06,-07:00,2025-04-13T18:54:06-07:00,0,35
global.js,31,js,57fa3997,Gavin55555555555555,2025-04-13,18:54:06,-07:00,2025-04-13T18:54:06-07:00,0,12
global.js,32,js,57fa3997,Gavin55555555555555,2025-04-13,18:54:06,-07:00,2025-04-13T18:54:06-07:00,0,21
global.js,33,js,8b9a55a1,Gavin55555555555555,2025-04-13,18:44:23,-07:00,2025-04-13T18:44:23-07:00,0,66
global.js,34,js,8b9a55a1,Gavin55555555555555,2025-04-13,18:44:23,-07:00,2025-04-13T18:44:23-07:00,0,26
global.js,35,js,8b9a55a1,Gavin55555555555555,2025-04-13,18:44:23,-07:00,2025-04-13T18:44:23-07:00,0,0
global.js,36,js,8b9a55a1,Gavin55555555555555,2025-04-13,18:44:23,-07:00,2025-04-13T18:44:23-07:00,0,0
global.js,37,js,8b9a55a1,Gavin55555555555555,2025-04-13,18:44:23,-07:00,2025-04-13T18:44:23-07:00,0,30
global.js,38,js,8b9a55a1,Gavin55555555555555,2025-04-13,18:44:23,-07:00,2025-04-13T18:44:23-07:00,0,34
global.js,39,js,8b9a55a1,Gavin55555555555555,2025-04-13,18:44:23,-07:00,2025-04-13T18:44:23-07:00,0,0
global.js,40,js,e2b5be43,Gavin55555555555555,2025-04-13,18:27:51,-07:00,2025-04-13T18:27:51-07:00,0,13
global.js,41,js,f255cc38,Gavin55555555555555,2025-04-13,18:13:19,-07:00,2025-04-13T18:13:19-07:00,0,0
global.js,42,js,25ca1fd8,Gavin55555555555555,2025-04-16,15:34:59,-07:00,2025-04-16T15:34:59-07:00,0,0
global.js,43,js,fa3a07f6,Gavin55555555555555,2025-04-16,16:14:14,-07:00,2025-04-16T16:14:14-07:00,0,32
global.js,44,js,25ca1fd8,Gavin55555555555555,2025-04-16,15:34:59,-07:00,2025-04-16T15:34:59-07:00,0,12
global.js,45,js,d52c740e,Gavin55555555555555,2025-04-16,15:53:41,-07:00,2025-04-16T15:53:41-07:00,0,30
global.js,46,js,25ca1fd8,Gavin55555555555555,2025-04-16,15:34:59,-07:00,2025-04-16T15:34:59-07:00,0,5
global.js,47,js,25ca1fd8,Gavin55555555555555,2025-04-16,15:34:59,-07:00,2025-04-16T15:34:59-07:00,0,7
global.js,48,js,25ca1fd8,Gavin55555555555555,2025-04-16,15:34:59,-07:00,2025-04-16T15:34:59-07:00,0,46
global.js,49,js,25ca1fd8,Gavin55555555555555,2025-04-16,15:34:59,-07:00,2025-04-16T15:34:59-07:00,0,37
global.js,50,js,25ca1fd8,Gavin55555555555555,2025-04-16,15:34:59,-07:00,2025-04-16T15:34:59-07:00,0,35
global.js,51,js,25ca1fd8,Gavin55555555555555,2025-04-16,15:34:59,-07:00,2025-04-16T15:34:59-07:00,0,8
global.js,52,js,c0e73f51,Gavin55555555555555,2025-04-16,16:03:04,-07:00,2025-04-16T16:03:04-07:00,0,8
global.js,53,js,819b9e10,Gavin55555555555555,2025-04-16,15:54:46,-07:00,2025-04-16T15:54:46-07:00,0,1
global.js,54,js,f5aaeebb,Gavin55555555555555,2025-04-18,13:38:38,-07:00,2025-04-18T13:38:38-07:00,0,59
global.js,55,js,819b9e10,Gavin55555555555555,2025-04-16,15:54:46,-07:00,2025-04-16T15:54:46-07:00,0,50
global.js,56,js,819b9e10,Gavin55555555555555,2025-04-16,15:54:46,-07:00,2025-04-16T15:54:46-07:00,0,58
global.js,57,js,d14a6087,Gavin55555555555555,2025-04-16,17:52:55,-07:00,2025-04-16T17:52:55-07:00,0,78
global.js,58,js,2a88f9bf,Gavin55555555555555,2025-04-18,12:37:34,-07:00,2025-04-18T12:37:34-07:00,0,45
global.js,59,js,7050368c,Gavin55555555555555,2025-04-16,17:20:26,-07:00,2025-04-16T17:20:26-07:00,0,2
global.js,60,js,3afce5a3,Gavin55555555555555,2025-04-16,17:49:06,-07:00,2025-04-16T17:49:06-07:00,0,0
global.js,61,js,2a88f9bf,Gavin55555555555555,2025-04-18,12:37:34,-07:00,2025-04-18T12:37:34-07:00,0,34
global.js,62,js,812647fd,Gavin55555555555555,2025-04-18,13:20:31,-07:00,2025-04-18T13:20:31-07:00,0,50
global.js,63,js,53bddf2e,Gavin55555555555555,2025-04-18,13:02:12,-07:00,2025-04-18T13:02:12-07:00,0,94
global.js,64,js,f5aaeebb,Gavin55555555555555,2025-04-18,13:38:38,-07:00,2025-04-18T13:38:38-07:00,0,0
global.js,65,js,1e4920dd,Gavin55555555555555,2025-04-18,13:16:58,-07:00,2025-04-18T13:16:58-07:00,0,0
global.js,66,js,6fc9710d,Gavin55555555555555,2025-04-18,12:33:12,-07:00,2025-04-18T12:33:12-07:00,0,0
global.js,67,js,6fc9710d,Gavin55555555555555,2025-04-18,12:33:12,-07:00,2025-04-18T12:33:12-07:00,0,0
global.js,68,js,3afce5a3,Gavin55555555555555,2025-04-16,17:49:06,-07:00,2025-04-16T17:49:06-07:00,0,50
global.js,69,js,3afce5a3,Gavin55555555555555,2025-04-16,17:49:06,-07:00,2025-04-16T17:49:06-07:00,0,48
global.js,70,js,3afce5a3,Gavin55555555555555,2025-04-16,17:49:06,-07:00,2025-04-16T17:49:06-07:00,0,22
global.js,71,js,85280b57,Gavin55555555555555,2025-04-16,18:13:12,-07:00,2025-04-16T18:13:12-07:00,0,29
global.js,72,js,423a1f11,Gavin55555555555555,2025-04-16,18:28:29,-07:00,2025-04-16T18:28:29-07:00,0,98
global.js,73,js,423a1f11,Gavin55555555555555,2025-04-16,18:28:29,-07:00,2025-04-16T18:28:29-07:00,0,27
global.js,74,js,fae661eb,Gavin55555555555555,2025-04-16,18:22:06,-07:00,2025-04-16T18:22:06-07:00,0,19
global.js,75,js,3afce5a3,Gavin55555555555555,2025-04-16,17:49:06,-07:00,2025-04-16T17:49:06-07:00,0,0
global.js,76,js,a8962d4f,Gavin55555555555555,2025-04-24,10:01:45,-07:00,2025-04-24T10:01:45-07:00,0,1
global.js,77,js,a8962d4f,Gavin55555555555555,2025-04-24,10:01:45,-07:00,2025-04-24T10:01:45-07:00,0,0
global.js,78,js,a8962d4f,Gavin55555555555555,2025-04-24,10:01:45,-07:00,2025-04-24T10:01:45-07:00,0,37
global.js,79,js,a8962d4f,Gavin55555555555555,2025-04-24,10:01:45,-07:00,2025-04-24T10:01:45-07:00,0,4
global.js,80,js,a8962d4f,Gavin55555555555555,2025-04-24,10:01:45,-07:00,2025-04-24T10:01:45-07:00,0,40
global.js,81,js,a8962d4f,Gavin55555555555555,2025-04-24,10:01:45,-07:00,2025-04-24T10:01:45-07:00,0,33
global.js,82,js,a8962d4f,Gavin55555555555555,2025-04-24,10:01:45,-07:00,2025-04-24T10:01:45-07:00,0,18
global.js,83,js,a8962d4f,Gavin55555555555555,2025-04-24,10:01:45,-07:00,2025-04-24T10:01:45-07:00,0,67
global.js,84,js,a8962d4f,Gavin55555555555555,2025-04-24,10:01:45,-07:00,2025-04-24T10:01:45-07:00,0,0
global.js,85,js,a8962d4f,Gavin55555555555555,2025-04-24,10:01:45,-07:00,2025-04-24T10:01:45-07:00,0,34
global.js,86,js,a8962d4f,Gavin55555555555555,2025-04-24,10:01:45,-07:00,2025-04-24T10:01:45-07:00,0,11
global.js,87,js,a8962d4f,Gavin55555555555555,2025-04-24,10:01:45,-07:00,2025-04-24T10:01:45-07:00,0,16
global.js,88,js,a8962d4f,Gavin55555555555555,2025-04-24,10:01:45,-07:00,2025-04-24T10:01:45-07:00,0,60
global.js,89,js,a8962d4f,Gavin55555555555555,2025-04-24,10:01:45,-07:00,2025-04-24T10:01:45-07:00,0,0
global.js,90,js,a8962d4f,Gavin55555555555555,2025-04-24,10:01:45,-07:00,2025-04-24T10:01:45-07:00,0,0
global.js,91,js,a8962d4f,Gavin55555555555555,2025-04-24,10:01:45,-07:00,2025-04-24T10:01:45-07:00,0,0
global.js,92,js,a8962d4f,Gavin55555555555555,2025-04-24,10:01:45,-07:00,2025-04-24T10:01:45-07:00,0,80
global.js,93,js,a8962d4f,Gavin55555555555555,2025-04-24,10:01:45,-07:00,2025-04-24T10:01:45-07:00,0,31
global.js,94,js,a8962d4f,Gavin55555555555555,2025-04-24,10:01:45,-07:00,2025-04-24T10:01:45-07:00,0,47
global.js,95,js,a8962d4f,Gavin55555555555555,2025-04-24,10:01:45,-07:00,2025-04-24T10:01:45-07:00,0,30
global.js,96,js,a8962d4f,Gavin55555555555555,2025-04-24,10:01:45,-07:00,2025-04-24T10:01:45-07:00,0,43
global.js,97,js,a8962d4f,Gavin55555555555555,2025-04-24,10:01:45,-07:00,2025-04-24T10:01:45-07:00,0,20
global.js,98,js,a8962d4f,Gavin55555555555555,2025-04-24,10:01:45,-07:00,2025-04-24T10:01:45-07:00,0,50
global.js,99,js,a8962d4f,Gavin55555555555555,2025-04-24,10:01:45,-07:00,2025-04-24T10:01:45-07:00,0,50
global.js,100,js,f3abfbca,Gavin55555555555555,2025-05-01,12:28:59,-07:00,2025-05-01T12:28:59-07:00,0,28
global.js,101,js,f3abfbca,Gavin55555555555555,2025-05-01,12:28:59,-07:00,2025-05-01T12:28:59-07:00,0,26
global.js,102,js,a8962d4f,Gavin55555555555555,2025-04-24,10:01:45,-07:00,2025-04-24T10:01:45-07:00,0,37
global.js,103,js,a8962d4f,Gavin55555555555555,2025-04-24,10:01:45,-07:00,2025-04-24T10:01:45-07:00,0,0
global.js,104,js,a8962d4f,Gavin55555555555555,2025-04-24,10:01:45,-07:00,2025-04-24T10:01:45-07:00,0,0
global.js,105,js,a8962d4f,Gavin55555555555555,2025-04-24,10:01:45,-07:00,2025-04-24T10:01:45-07:00,0,0
global.js,106,js,a8962d4f,Gavin55555555555555,2025-04-24,10:01:45,-07:00,2025-04-24T10:01:45-07:00,0,33
global.js,107,js,a8962d4f,Gavin55555555555555,2025-04-24,10:01:45,-07:00,2025-04-24T10:01:45-07:00,0,68
global.js,108,js,a8962d4f,Gavin55555555555555,2025-04-24,10:01:45,-07:00,2025-04-24T10:01:45-07:00,0,0
global.js,109,js,3afce5a3,Gavin55555555555555,2025-04-16,17:49:06,-07:00,2025-04-16T17:49:06-07:00,0,0
global.js,110,js,a8962d4f,Gavin55555555555555,2025-04-24,10:01:45,-07:00,2025-04-24T10:01:45-07:00,0,47
global.js,111,js,a8962d4f,Gavin55555555555555,2025-04-24,10:01:45,-07:00,2025-04-24T10:01:45-07:00,0,51
global.js,112,js,a8962d4f,Gavin55555555555555,2025-04-24,10:01:45,-07:00,2025-04-24T10:01:45-07:00,0,26
global.js,113,js,3afce5a3,Gavin55555555555555,2025-04-16,17:49:06,-07:00,2025-04-16T17:49:06-07:00,0,0
resume/index.html,1,html,3afbbebe,Gavin55555555555555,2025-04-03,00:48:10,-07:00,2025-04-03T00:48:10-07:00,0,14
resume/index.html,2,html,3afbbebe,Gavin55555555555555,2025-04-03,00:48:10,-07:00,2025-04-03T00:48:10-07:00,0,15
resume/index.html,3,html,3afbbebe,Gavin55555555555555,2025-04-03,00:48:10,-07:00,2025-04-03T00:48:10-07:00,0,5
resume/index.html,4,html,3afbbebe,Gavin55555555555555,2025-04-03,00:48:10,-07:00,2025-04-03T00:48:10-07:00,0,21
resume/index.html,5,html,3afbbebe,Gavin55555555555555,2025-04-03,00:48:10,-07:00,2025-04-03T00:48:10-07:00,0,69
resume/index.html,6,html,c81300cf,Gavin55555555555555,2025-04-03,11:27:18,-07:00,2025-04-03T11:27:18-07:00,0,23
resume/index.html,7,html,a728200b,Gavin55555555555555,2025-04-24,10:42:44,-07:00,2025-04-24T10:42:44-07:00,0,43
resume/index.html,8,html,a728200b,Gavin55555555555555,2025-04-24,10:42:44,-07:00,2025-04-24T10:42:44-07:00,0,54
resume/index.html,9,html,3afbbebe,Gavin55555555555555,2025-04-03,00:48:10,-07:00,2025-04-03T00:48:10-07:00,0,6
resume/index.html,10,html,3afbbebe,Gavin55555555555555,2025-04-03,00:48:10,-07:00,2025-04-03T00:48:10-07:00,0,5
resume/index.html,11,html,40c36df1,Gavin55555555555555,2025-04-13,18:10:30,-07:00,2025-04-13T18:10:30-07:00,0,0
resume/index.html,12,html,9e5678c3,Gavin55555555555555,2025-04-03,10:48:29,-07:00,2025-04-03T10:48:29-07:00,0,4
resume/index.html,13,html,9e5678c3,Gavin55555555555555,2025-04-03,10:48:29,-07:00,2025-04-03T10:48:29-07:00,0,45
resume/index.html,14,html,15522d27,Gavin55555555555555,2025-04-03,10:51:40,-07:00,2025-04-03T10:51:40-07:00,0,50
resume/index.html,15,html,15522d27,Gavin55555555555555,2025-04-03,10:51:40,-07:00,2025-04-03T10:51:40-07:00,0,62
resume/index.html,16,html,9e5678c3,Gavin55555555555555,2025-04-03,10:48:29,-07:00,2025-04-03T10:48:29-07:00,0,5
resume/index.html,17,html,9e5678c3,Gavin55555555555555,2025-04-03,10:48:29,-07:00,2025-04-03T10:48:29-07:00,0,3
resume/index.html,18,html,51f7cc31,Gavin55555555555555,2025-04-11,12:15:33,-07:00,2025-04-11T12:15:33-07:00,0,21
resume/index.html,19,html,4ee4e4c5,Gavin55555555555555,2025-04-11,14:48:13,-07:00,2025-04-11T14:48:13-07:00,0,17
resume/index.html,20,html,d8106a54,Gavin55555555555555,2025-04-11,13:20:46,-07:00,2025-04-11T13:20:46-07:00,0,0
resume/index.html,21,html,cb2c61da,Gavin55555555555555,2025-04-11,13:45:29,-07:00,2025-04-11T13:45:29-07:00,0,0
resume/index.html,22,html,d8106a54,Gavin55555555555555,2025-04-11,13:20:46,-07:00,2025-04-11T13:20:46-07:00,0,269
resume/index.html,23,html,69dd0985,Gavin55555555555555,2025-04-11,14:36:32,-07:00,2025-04-11T14:36:32-07:00,0,42
resume/index.html,24,html,6e21e0ce,Gavin55555555555555,2025-04-03,11:39:16,-07:00,2025-04-03T11:39:16-07:00,0,0
resume/index.html,25,html,c81300cf,Gavin55555555555555,2025-04-03,11:27:18,-07:00,2025-04-03T11:27:18-07:00,0,33
resume/index.html,26,html,8e9ddf17,Gavin55555555555555,2025-04-03,11:11:56,-07:00,2025-04-03T11:11:56-07:00,0,3
resume/index.html,27,html,c81300cf,Gavin55555555555555,2025-04-03,11:27:18,-07:00,2025-04-03T11:27:18-07:00,0,63
resume/index.html,28,html,c81300cf,Gavin55555555555555,2025-04-03,11:27:18,-07:00,2025-04-03T11:27:18-07:00,0,333
resume/index.html,29,html,c81300cf,Gavin55555555555555,2025-04-03,11:27:18,-07:00,2025-04-03T11:27:18-07:00,0,196
resume/index.html,30,html,c81300cf,Gavin55555555555555,2025-04-03,11:27:18,-07:00,2025-04-03T11:27:18-07:00,0,70
resume/index.html,31,html,8e9ddf17,Gavin55555555555555,2025-04-03,11:11:56,-07:00,2025-04-03T11:11:56-07:00,0,4
resume/index.html,32,html,d8106a54,Gavin55555555555555,2025-04-11,13:20:46,-07:00,2025-04-11T13:20:46-07:00,0,273
resume/index.html,33,html,69dd0985,Gavin55555555555555,2025-04-11,14:36:32,-07:00,2025-04-11T14:36:32-07:00,0,29
resume/index.html,34,html,4a934c1f,Gavin55555555555555,2025-04-03,11:48:29,-07:00,2025-04-03T11:48:29-07:00,0,29
resume/index.html,35,html,4a934c1f,Gavin55555555555555,2025-04-03,11:48:29,-07:00,2025-04-03T11:48:29-07:00,0,3
resume/index.html,36,html,4a934c1f,Gavin55555555555555,2025-04-03,11:48:29,-07:00,2025-04-03T11:48:29-07:00,0,87
resume/index.html,37,html,4a934c1f,Gavin55555555555555,2025-04-03,11:48:29,-07:00,2025-04-03T11:48:29-07:00,0,53
resume/index.html,38,html,4a934c1f,Gavin55555555555555,2025-04-03,11:48:29,-07:00,2025-04-03T11:48:29-07:00,0,34
resume/index.html,39,html,4a934c1f,Gavin55555555555555,2025-04-03,11:48:29,-07:00,2025-04-03T11:48:29-07:00,0,4
resume/index.html,40,html,0a8f7f8b,Gavin55555555555555,2025-04-11,19:34:01,-07:00,2025-04-11T19:34:01-07:00,0,24
resume/index.html,41,html,4a934c1f,Gavin55555555555555,2025-04-03,11:48:29,-07:00,2025-04-03T11:48:29-07:00,0,3
resume/index.html,42,html,4a934c1f,Gavin55555555555555,2025-04-03,11:48:29,-07:00,2025-04-03T11:48:29-07:00,0,94
resume/index.html,43,html,4a934c1f,Gavin55555555555555,2025-04-03,11:48:29,-07:00,2025-04-03T11:48:29-07:00,0,52
resume/index.html,44,html,4a934c1f,Gavin55555555555555,2025-04-03,11:48:29,-07:00,2025-04-03T11:48:29-07:00,0,4
resume/index.html,45,html,4a934c1f,Gavin55555555555555,2025-04-03,11:48:29,-07:00,2025-04-03T11:48:29-07:00,0,0
resume/index.html,46,html,9e5678c3,Gavin55555555555555,2025-04-03,10:48:29,-07:00,2025-04-03T10:48:29-07:00,0,5
resume/index.html,47,html,3afbbebe,Gavin55555555555555,2025-04-03,00:48:10,-07:00,2025-04-03T00:48:10-07:00,0,6
resume/index.html,48,html,0a8f7f8b,Gavin55555555555555,2025-04-11,19:34:01,-07:00,2025-04-11T19:34:01-07:00,0,6
projects/projects.js,1,js,f3abfbca,Gavin55555555555555,2025-05-01,12:28:59,-07:00,2025-05-01T12:28:59-07:00,0,64
projects/projects.js,2,js,a8962d4f,Gavin55555555555555,2025-04-24,10:01:45,-07:00,2025-04-24T10:01:45-07:00,0,56
projects/projects.js,3,js,a8962d4f,Gavin55555555555555,2025-04-24,10:01:45,-07:00,2025-04-24T10:01:45-07:00,0,56
projects/projects.js,4,js,a8962d4f,Gavin55555555555555,2025-04-24,10:01:45,-07:00,2025-04-24T10:01:45-07:00,0,61
projects/projects.js,5,js,a8962d4f,Gavin55555555555555,2025-04-24,10:01:45,-07:00,2025-04-24T10:01:45-07:00,0,49
projects/projects.js,6,js,a8962d4f,Gavin55555555555555,2025-04-24,10:01:45,-07:00,2025-04-24T10:01:45-07:00,0,0
projects/projects.js,7,js,a8962d4f,Gavin55555555555555,2025-04-24,10:01:45,-07:00,2025-04-24T10:01:45-07:00,0,64
projects/projects.js,8,js,a8962d4f,Gavin55555555555555,2025-04-24,10:01:45,-07:00,2025-04-24T10:01:45-07:00,0,56
projects/projects.js,9,js,3f551665,Gavin55555555555555,2025-05-01,17:56:41,-07:00,2025-05-01T17:56:41-07:00,0,7
projects/projects.js,10,js,3f551665,Gavin55555555555555,2025-05-01,17:56:41,-07:00,2025-05-01T17:56:41-07:00,0,61
projects/projects.js,11,js,f3abfbca,Gavin55555555555555,2025-05-01,12:28:59,-07:00,2025-05-01T12:28:59-07:00,0,0
projects/projects.js,12,js,3f551665,Gavin55555555555555,2025-05-01,17:56:41,-07:00,2025-05-01T17:56:41-07:00,0,26
projects/projects.js,13,js,3f551665,Gavin55555555555555,2025-05-01,17:56:41,-07:00,2025-05-01T17:56:41-07:00,0,20
projects/projects.js,14,js,3f551665,Gavin55555555555555,2025-05-01,17:56:41,-07:00,2025-05-01T17:56:41-07:00,0,28
projects/projects.js,15,js,3f551665,Gavin55555555555555,2025-05-01,17:56:41,-07:00,2025-05-01T17:56:41-07:00,0,5
projects/projects.js,16,js,f3abfbca,Gavin55555555555555,2025-05-01,12:28:59,-07:00,2025-05-01T12:28:59-07:00,0,0
projects/projects.js,17,js,3f551665,Gavin55555555555555,2025-05-01,17:56:41,-07:00,2025-05-01T17:56:41-07:00,0,69
projects/projects.js,18,js,f3abfbca,Gavin55555555555555,2025-05-01,12:28:59,-07:00,2025-05-01T12:28:59-07:00,0,0
projects/projects.js,19,js,3f551665,Gavin55555555555555,2025-05-01,17:56:41,-07:00,2025-05-01T17:56:41-07:00,0,30
projects/projects.js,20,js,3f551665,Gavin55555555555555,2025-05-01,17:56:41,-07:00,2025-05-01T17:56:41-07:00,0,13
projects/projects.js,21,js,3f551665,Gavin55555555555555,2025-05-01,17:56:41,-07:00,2025-05-01T17:56:41-07:00,0,20
projects/projects.js,22,js,3f551665,Gavin55555555555555,2025-05-01,17:56:41,-07:00,2025-05-01T17:56:41-07:00,0,18
projects/projects.js,23,js,3f551665,Gavin55555555555555,2025-05-01,17:56:41,-07:00,2025-05-01T17:56:41-07:00,0,4
projects/projects.js,24,js,f3abfbca,Gavin55555555555555,2025-05-01,12:28:59,-07:00,2025-05-01T12:28:59-07:00,0,0
projects/projects.js,25,js,f3abfbca,Gavin55555555555555,2025-05-01,12:28:59,-07:00,2025-05-01T12:28:59-07:00,0,0
projects/projects.js,26,js,3f551665,Gavin55555555555555,2025-05-01,17:56:41,-07:00,2025-05-01T17:56:41-07:00,0,48
projects/projects.js,27,js,3f551665,Gavin55555555555555,2025-05-01,17:56:41,-07:00,2025-05-01T17:56:41-07:00,0,41
projects/projects.js,28,js,3f551665,Gavin55555555555555,2025-05-01,17:56:41,-07:00,2025-05-01T17:56:41-07:00,0,5
projects/projects.js,29,js,3f551665,Gavin55555555555555,2025-05-01,17:56:41,-07:00,2025-05-01T17:56:41-07:00,0,51
projects/projects.js,30,js,3f551665,Gavin55555555555555,2025-05-01,17:56:41,-07:00,2025-05-01T17:56:41-07:00,0,15
projects/projects.js,31,js,3f551665,Gavin55555555555555,2025-05-01,17:56:41,-07:00,2025-05-01T17:56:41-07:00,0,21
projects/projects.js,32,js,3f551665,Gavin55555555555555,2025-05-01,17:56:41,-07:00,2025-05-01T17:56:41-07:00,0,23
projects/projects.js,33,js,3f551665,Gavin55555555555555,2025-05-01,17:56:41,-07:00,2025-05-01T17:56:41-07:00,0,3
projects/projects.js,34,js,3f551665,Gavin55555555555555,2025-05-01,17:56:41,-07:00,2025-05-01T17:56:41-07:00,0,21
projects/projects.js,35,js,3f551665,Gavin55555555555555,2025-05-01,17:56:41,-07:00,2025-05-01T17:56:41-07:00,0,16
projects/projects.js,36,js,3f551665,Gavin55555555555555,2025-05-01,17:56:41,-07:00,2025-05-01T17:56:41-07:00,0,19
projects/projects.js,37,js,3f551665,Gavin55555555555555,2025-05-01,17:56:41,-07:00,2025-05-01T17:56:41-07:00,0,23
projects/projects.js,38,js,3f551665,Gavin55555555555555,2025-05-01,17:56:41,-07:00,2025-05-01T17:56:41-07:00,0,59
projects/projects.js,39,js,3f551665,Gavin55555555555555,2025-05-01,17:56:41,-07:00,2025-05-01T17:56:41-07:00,0,50
projects/projects.js,40,js,3f551665,Gavin55555555555555,2025-05-01,17:56:41,-07:00,2025-05-01T17:56:41-07:00,0,21
projects/projects.js,41,js,3f551665,Gavin55555555555555,2025-05-01,17:56:41,-07:00,2025-05-01T17:56:41-07:00,0,3
projects/projects.js,42,js,3f551665,Gavin55555555555555,2025-05-01,17:56:41,-07:00,2025-05-01T17:56:41-07:00,0,49
projects/projects.js,43,js,3f551665,Gavin55555555555555,2025-05-01,17:56:41,-07:00,2025-05-01T17:56:41-07:00,0,12
projects/projects.js,44,js,3f551665,Gavin55555555555555,2025-05-01,17:56:41,-07:00,2025-05-01T17:56:41-07:00,0,30
projects/projects.js,45,js,3f551665,Gavin55555555555555,2025-05-01,17:56:41,-07:00,2025-05-01T17:56:41-07:00,0,22
projects/projects.js,46,js,3f551665,Gavin55555555555555,2025-05-01,17:56:41,-07:00,2025-05-01T17:56:41-07:00,0,23
projects/projects.js,47,js,3f551665,Gavin55555555555555,2025-05-01,17:56:41,-07:00,2025-05-01T17:56:41-07:00,0,23
projects/projects.js,48,js,3f551665,Gavin55555555555555,2025-05-01,17:56:41,-07:00,2025-05-01T17:56:41-07:00,0,34
projects/projects.js,49,js,3f551665,Gavin55555555555555,2025-05-01,17:56:41,-07:00,2025-05-01T17:56:41-07:00,0,4
projects/projects.js,50,js,3f551665,Gavin55555555555555,2025-05-01,17:56:41,-07:00,2025-05-01T17:56:41-07:00,0,54
projects/projects.js,51,js,3f551665,Gavin55555555555555,2025-05-01,17:56:41,-07:00,2025-05-01T17:56:41-07:00,0,36
projects/projects.js,52,js,3f551665,Gavin55555555555555,2025-05-01,17:56:41,-07:00,2025-05-01T17:56:41-07:00,0,24
projects/projects.js,53,js,3f551665,Gavin55555555555555,2025-05-01,17:56:41,-07:00,2025-05-01T17:56:41-07:00,0,28
projects/projects.js,54,js,3f551665,Gavin55555555555555,2025-05-01,17:56:41,-07:00,2025-05-01T17:56:41-07:00,0,10
projects/projects.js,55,js,3f551665,Gavin55555555555555,2025-05-01,17:56:41,-07:00,2025-05-01T17:56:41-07:00,0,19
projects/projects.js,56,js,3f551665,Gavin55555555555555,2025-05-01,17:56:41,-07:00,2025-05-01T17:56:41-07:00,0,101
projects/projects.js,57,js,3f551665,Gavin55555555555555,2025-05-01,17:56:41,-07:00,2025-05-01T17:56:41-07:00,0,38
projects/projects.js,58,js,3f551665,Gavin55555555555555,2025-05-01,17:56:41,-07:00,2025-05-01T17:56:41-07:00,0,107
projects/projects.js,59,js,3f551665,Gavin55555555555555,2025-05-01,17:56:41,-07:00,2025-05-01T17:56:41-07:00,0,5
projects/projects.js,60,js,3f551665,Gavin55555555555555,2025-05-01,17:56:41,-07:00,2025-05-01T17:56:41-07:00,0,5
projects/projects.js,61,js,f3abfbca,Gavin55555555555555,2025-05-01,12:28:59,-07:00,2025-05-01T12:28:59-07:00,0,0
projects/projects.js,62,js,3f551665,Gavin55555555555555,2025-05-01,17:56:41,-07:00,2025-05-01T17:56:41-07:00,0,33
projects/projects.js,63,js,3f551665,Gavin55555555555555,2025-05-01,17:56:41,-07:00,2025-05-01T17:56:41-07:00,0,29
projects/projects.js,64,js,3f551665,Gavin55555555555555,2025-05-01,17:56:41,-07:00,2025-05-01T17:56:41-07:00,0,58
projects/projects.js,65,js,3f551665,Gavin55555555555555,2025-05-01,17:56:41,-07:00,2025-05-01T17:56:41-07:00,0,27
projects/projects.js,66,js,3f551665,Gavin55555555555555,2025-05-01,17:56:41,-07:00,2025-05-01T17:56:41-07:00,0,8
projects/projects.js,67,js,3f551665,Gavin55555555555555,2025-05-01,17:56:41,-07:00,2025-05-01T17:56:41-07:00,0,15
projects/projects.js,68,js,3f551665,Gavin55555555555555,2025-05-01,17:56:41,-07:00,2025-05-01T17:56:41-07:00,0,13
projects/projects.js,69,js,3f551665,Gavin55555555555555,2025-05-01,17:56:41,-07:00,2025-05-01T17:56:41-07:00,0,1
projects/projects.js,70,js,3f551665,Gavin55555555555555,2025-05-01,17:56:41,-07:00,2025-05-01T17:56:41-07:00,0,45
projects/projects.js,71,js,3f551665,Gavin55555555555555,2025-05-01,17:56:41,-07:00,2025-05-01T17:56:41-07:00,0,36
projects/projects.js,72,js,3f551665,Gavin55555555555555,2025-05-01,17:56:41,-07:00,2025-05-01T17:56:41-07:00,0,2
projects/projects.js,73,js,3f551665,Gavin55555555555555,2025-05-01,17:56:41,-07:00,2025-05-01T17:56:41-07:00,0,48
projects/projects.js,74,js,3f551665,Gavin55555555555555,2025-05-01,17:56:41,-07:00,2025-05-01T17:56:41-07:00,0,0
projects/projects.js,75,js,3f551665,Gavin55555555555555,2025-05-01,17:56:41,-07:00,2025-05-01T17:56:41-07:00,0,12
projects/projects.js,76,js,3f551665,Gavin55555555555555,2025-05-01,17:56:41,-07:00,2025-05-01T17:56:41-07:00,0,18
projects/projects.js,77,js,3f551665,Gavin55555555555555,2025-05-01,17:56:41,-07:00,2025-05-01T17:56:41-07:00,0,16
projects/projects.js,78,js,3f551665,Gavin55555555555555,2025-05-01,17:56:41,-07:00,2025-05-01T17:56:41-07:00,0,0
projects/projects.js,79,js,3f551665,Gavin55555555555555,2025-05-01,17:56:41,-07:00,2025-05-01T17:56:41-07:00,0,13
projects/projects.js,80,js,3f551665,Gavin55555555555555,2025-05-01,17:56:41,-07:00,2025-05-01T17:56:41-07:00,0,16
projects/projects.js,81,js,3f551665,Gavin55555555555555,2025-05-01,17:56:41,-07:00,2025-05-01T17:56:41-07:00,0,20
projects/projects.js,82,js,3f551665,Gavin55555555555555,2025-05-01,17:56:41,-07:00,2025-05-01T17:56:41-07:00,0,54
projects/projects.js,83,js,3f551665,Gavin55555555555555,2025-05-01,17:56:41,-07:00,2025-05-01T17:56:41-07:00,0,45
projects/projects.js,84,js,3f551665,Gavin55555555555555,2025-05-01,17:56:41,-07:00,2025-05-01T17:56:41-07:00,0,16
projects/projects.js,85,js,3f551665,Gavin55555555555555,2025-05-01,17:56:41,-07:00,2025-05-01T17:56:41-07:00,0,0
projects/projects.js,86,js,3f551665,Gavin55555555555555,2025-05-01,17:56:41,-07:00,2025-05-01T17:56:41-07:00,0,46
projects/projects.js,87,js,3f551665,Gavin55555555555555,2025-05-01,17:56:41,-07:00,2025-05-01T17:56:41-07:00,0,9
projects/projects.js,88,js,3f551665,Gavin55555555555555,2025-05-01,17:56:41,-07:00,2025-05-01T17:56:41-07:00,0,27
projects/projects.js,89,js,3f551665,Gavin55555555555555,2025-05-01,17:56:41,-07:00,2025-05-01T17:56:41-07:00,0,15
projects/projects.js,90,js,3f551665,Gavin55555555555555,2025-05-01,17:56:41,-07:00,2025-05-01T17:56:41-07:00,0,14
projects/projects.js,91,js,3f551665,Gavin55555555555555,2025-05-01,17:56:41,-07:00,2025-05-01T17:56:41-07:00,0,14
projects/projects.js,92,js,3f551665,Gavin55555555555555,2025-05-01,17:56:41,-07:00,2025-05-01T17:56:41-07:00,0,25
projects/projects.js,93,js,3f551665,Gavin55555555555555,2025-05-01,17:56:41,-07:00,2025-05-01T17:56:41-07:00,0,1
projects/projects.js,94,js,3f551665,Gavin55555555555555,2025-05-01,17:56:41,-07:00,2025-05-01T17:56:41-07:00,0,51
projects/projects.js,95,js,3f551665,Gavin55555555555555,2025-05-01,17:56:41,-07:00,2025-05-01T17:56:41-07:00,0,33
projects/projects.js,96,js,3f551665,Gavin55555555555555,2025-05-01,17:56:41,-07:00,2025-05-01T17:56:41-07:00,0,40
projects/projects.js,97,js,3f551665,Gavin55555555555555,2025-05-01,17:56:41,-07:00,2025-05-01T17:56:41-07:00,0,25
projects/projects.js,98,js,3f551665,Gavin55555555555555,2025-05-01,17:56:41,-07:00,2025-05-01T17:56:41-07:00,0,5
projects/projects.js,99,js,3f551665,Gavin55555555555555,2025-05-01,17:56:41,-07:00,2025-05-01T17:56:41-07:00,0,12
projects/projects.js,100,js,3f551665,Gavin55555555555555,2025-05-01,17:56:41,-07:00,2025-05-01T17:56:41-07:00,0,94
projects/projects.js,101,js,3f551665,Gavin55555555555555,2025-05-01,17:56:41,-07:00,2025-05-01T17:56:41-07:00,0,31
projects/projects.js,102,js,3f551665,Gavin55555555555555,2025-05-01,17:56:41,-07:00,2025-05-01T17:56:41-07:00,0,100
projects/projects.js,103,js,3f551665,Gavin55555555555555,2025-05-01,17:56:41,-07:00,2025-05-01T17:56:41-07:00,0,2
projects/projects.js,104,js,3f551665,Gavin55555555555555,2025-05-01,17:56:41,-07:00,2025-05-01T17:56:41-07:00,0,23
projects/projects.js,105,js,3f551665,Gavin55555555555555,2025-05-01,17:56:41,-07:00,2025-05-01T17:56:41-07:00,0,22
projects/projects.js,106,js,3f551665,Gavin55555555555555,2025-05-01,17:56:41,-07:00,2025-05-01T17:56:41-07:00,0,26
projects/projects.js,107,js,3f551665,Gavin55555555555555,2025-05-01,17:56:41,-07:00,2025-05-01T17:56:41-07:00,0,30
projects/projects.js,108,js,3f551665,Gavin55555555555555,2025-05-01,17:56:41,-07:00,2025-05-01T17:56:41-07:00,0,25
projects/projects.js,109,js,3f551665,Gavin55555555555555,2025-05-01,17:56:41,-07:00,2025-05-01T17:56:41-07:00,0,2
projects/projects.js,110,js,3f551665,Gavin55555555555555,2025-05-01,17:56:41,-07:00,2025-05-01T17:56:41-07:00,0,14
projects/projects.js,111,js,3f551665,Gavin55555555555555,2025-05-01,17:56:41,-07:00,2025-05-01T17:56:41-07:00,0,14
projects/projects.js,112,js,3f551665,Gavin55555555555555,2025-05-01,17:56:41,-07:00,2025-05-01T17:56:41-07:00,0,23
projects/projects.js,113,js,9211e761,Gavin55555555555555,2025-05-04,21:11:11,-07:00,2025-05-04T21:11:11-07:00,0,34
projects/projects.js,114,js,3f551665,Gavin55555555555555,2025-05-01,17:56:41,-07:00,2025-05-01T17:56:41-07:00,0,19
projects/projects.js,115,js,3f551665,Gavin55555555555555,2025-05-01,17:56:41,-07:00,2025-05-01T17:56:41-07:00,0,45
projects/projects.js,116,js,3f551665,Gavin55555555555555,2025-05-01,17:56:41,-07:00,2025-05-01T17:56:41-07:00,0,78
projects/projects.js,117,js,3f551665,Gavin55555555555555,2025-05-01,17:56:41,-07:00,2025-05-01T17:56:41-07:00,0,44
projects/projects.js,118,js,3f551665,Gavin55555555555555,2025-05-01,17:56:41,-07:00,2025-05-01T17:56:41-07:00,0,38
projects/projects.js,119,js,3f551665,Gavin55555555555555,2025-05-01,17:56:41,-07:00,2025-05-01T17:56:41-07:00,0,23
projects/projects.js,120,js,3f551665,Gavin55555555555555,2025-05-01,17:56:41,-07:00,2025-05-01T17:56:41-07:00,0,34
projects/projects.js,121,js,3f551665,Gavin55555555555555,2025-05-01,17:56:41,-07:00,2025-05-01T17:56:41-07:00,0,44
projects/projects.js,122,js,3f551665,Gavin55555555555555,2025-05-01,17:56:41,-07:00,2025-05-01T17:56:41-07:00,0,0
projects/projects.js,123,js,3f551665,Gavin55555555555555,2025-05-01,17:56:41,-07:00,2025-05-01T17:56:41-07:00,0,4
projects/projects.js,124,js,3f551665,Gavin55555555555555,2025-05-01,17:56:41,-07:00,2025-05-01T17:56:41-07:00,0,37
projects/projects.js,125,js,3f551665,Gavin55555555555555,2025-05-01,17:56:41,-07:00,2025-05-01T17:56:41-07:00,0,47
projects/projects.js,126,js,3f551665,Gavin55555555555555,2025-05-01,17:56:41,-07:00,2025-05-01T17:56:41-07:00,0,0
projects/projects.js,127,js,3f551665,Gavin55555555555555,2025-05-01,17:56:41,-07:00,2025-05-01T17:56:41-07:00,0,0
projects/projects.js,128,js,6ce177d4,Gavin55555555555555,2025-05-01,20:03:25,-07:00,2025-05-01T20:03:25-07:00,0,21
projects/projects.js,129,js,6ce177d4,Gavin55555555555555,2025-05-01,20:03:25,-07:00,2025-05-01T20:03:25-07:00,0,24
projects/projects.js,130,js,6ce177d4,Gavin55555555555555,2025-05-01,20:03:25,-07:00,2025-05-01T20:03:25-07:00,0,26
projects/projects.js,131,js,6ce177d4,Gavin55555555555555,2025-05-01,20:03:25,-07:00,2025-05-01T20:03:25-07:00,0,49
projects/projects.js,132,js,6ce177d4,Gavin55555555555555,2025-05-01,20:03:25,-07:00,2025-05-01T20:03:25-07:00,0,7
projects/projects.js,133,js,6ce177d4,Gavin55555555555555,2025-05-01,20:03:25,-07:00,2025-05-01T20:03:25-07:00,0,54
projects/projects.js,134,js,6ce177d4,Gavin55555555555555,2025-05-01,20:03:25,-07:00,2025-05-01T20:03:25-07:00,0,29
projects/projects.js,135,js,6ce177d4,Gavin55555555555555,2025-05-01,20:03:25,-07:00,2025-05-01T20:03:25-07:00,0,45
projects/projects.js,136,js,6ce177d4,Gavin55555555555555,2025-05-01,20:03:25,-07:00,2025-05-01T20:03:25-07:00,0,0
projects/projects.js,137,js,6ce177d4,Gavin55555555555555,2025-05-01,20:03:25,-07:00,2025-05-01T20:03:25-07:00,0,57
projects/projects.js,138,js,6ce177d4,Gavin55555555555555,2025-05-01,20:03:25,-07:00,2025-05-01T20:03:25-07:00,0,38
projects/projects.js,139,js,6ce177d4,Gavin55555555555555,2025-05-01,20:03:25,-07:00,2025-05-01T20:03:25-07:00,0,64
projects/projects.js,140,js,6ce177d4,Gavin55555555555555,2025-05-01,20:03:25,-07:00,2025-05-01T20:03:25-07:00,0,0
projects/projects.js,141,js,3f551665,Gavin55555555555555,2025-05-01,17:56:41,-07:00,2025-05-01T17:56:41-07:00,0,2
projects/projects.js,142,js,6ce177d4,Gavin55555555555555,2025-05-01,20:03:25,-07:00,2025-05-01T20:03:25-07:00,0,0
projects/projects.js,143,js,3f551665,Gavin55555555555555,2025-05-01,17:56:41,-07:00,2025-05-01T17:56:41-07:00,0,2
projects/projects.js,144,js,f3abfbca,Gavin55555555555555,2025-05-01,12:28:59,-07:00,2025-05-01T12:28:59-07:00,0,0
projects/projects.js,145,js,3f551665,Gavin55555555555555,2025-05-01,17:56:41,-07:00,2025-05-01T17:56:41-07:00,0,24
projects/projects.js,146,js,3f551665,Gavin55555555555555,2025-05-01,17:56:41,-07:00,2025-05-01T17:56:41-07:00,0,14
projects/projects.js,147,js,f3abfbca,Gavin55555555555555,2025-05-01,12:28:59,-07:00,2025-05-01T12:28:59-07:00,0,0
projects/projects.js,148,js,3f551665,Gavin55555555555555,2025-05-01,17:56:41,-07:00,2025-05-01T17:56:41-07:00,0,54
projects/projects.js,149,js,3f551665,Gavin55555555555555,2025-05-01,17:56:41,-07:00,2025-05-01T17:56:41-07:00,0,0
projects/projects.js,150,js,3f551665,Gavin55555555555555,2025-05-01,17:56:41,-07:00,2025-05-01T17:56:41-07:00,0,49
projects/projects.js,151,js,3f551665,Gavin55555555555555,2025-05-01,17:56:41,-07:00,2025-05-01T17:56:41-07:00,0,25
projects/projects.js,152,js,3f551665,Gavin55555555555555,2025-05-01,17:56:41,-07:00,2025-05-01T17:56:41-07:00,0,26
projects/projects.js,153,js,3f551665,Gavin55555555555555,2025-05-01,17:56:41,-07:00,2025-05-01T17:56:41-07:00,0,27
projects/projects.js,154,js,3f551665,Gavin55555555555555,2025-05-01,17:56:41,-07:00,2025-05-01T17:56:41-07:00,0,29
projects/projects.js,155,js,3f551665,Gavin55555555555555,2025-05-01,17:56:41,-07:00,2025-05-01T17:56:41-07:00,0,59
projects/projects.js,156,js,3f551665,Gavin55555555555555,2025-05-01,17:56:41,-07:00,2025-05-01T17:56:41-07:00,0,45
projects/projects.js,157,js,3f551665,Gavin55555555555555,2025-05-01,17:56:41,-07:00,2025-05-01T17:56:41-07:00,0,0
projects/projects.js,158,js,3f551665,Gavin55555555555555,2025-05-01,17:56:41,-07:00,2025-05-01T17:56:41-07:00,0,49
projects/projects.js,159,js,3f551665,Gavin55555555555555,2025-05-01,17:56:41,-07:00,2025-05-01T17:56:41-07:00,0,33
projects/projects.js,160,js,6ce177d4,Gavin55555555555555,2025-05-01,20:03:25,-07:00,2025-05-01T20:03:25-07:00,0,56
projects/projects.js,161,js,6ce177d4,Gavin55555555555555,2025-05-01,20:03:25,-07:00,2025-05-01T20:03:25-07:00,0,0
projects/projects.js,162,js,f3abfbca,Gavin55555555555555,2025-05-01,12:28:59,-07:00,2025-05-01T12:28:59-07:00,0,2
projects/projects.js,163,js,3f551665,Gavin55555555555555,2025-05-01,17:56:41,-07:00,2025-05-01T17:56:41-07:00,0,0
projects/projects.js,164,js,3f551665,Gavin55555555555555,2025-05-01,17:56:41,-07:00,2025-05-01T17:56:41-07:00,0,0
projects/projects.js,165,js,3f551665,Gavin55555555555555,2025-05-01,17:56:41,-07:00,2025-05-01T17:56:41-07:00,0,0
projects/index.html,1,html,3afbbebe,Gavin55555555555555,2025-04-03,00:48:10,-07:00,2025-04-03T00:48:10-07:00,0,14
projects/index.html,2,html,3afbbebe,Gavin55555555555555,2025-04-03,00:48:10,-07:00,2025-04-03T00:48:10-07:00,0,15
projects/index.html,3,html,40c36df1,Gavin55555555555555,2025-04-13,18:10:30,-07:00,2025-04-13T18:10:30-07:00,0,5
projects/index.html,4,html,40c36df1,Gavin55555555555555,2025-04-13,18:10:30,-07:00,2025-04-13T18:10:30-07:00,0,21
projects/index.html,5,html,40c36df1,Gavin55555555555555,2025-04-13,18:10:30,-07:00,2025-04-13T18:10:30-07:00,0,69
projects/index.html,6,html,40c36df1,Gavin55555555555555,2025-04-13,18:10:30,-07:00,2025-04-13T18:10:30-07:00,0,22
projects/index.html,7,html,cdee3e60,Gavin55555555555555,2025-04-24,10:39:35,-07:00,2025-04-24T10:39:35-07:00,0,43
projects/index.html,8,html,516e93ff,Gavin55555555555555,2025-04-24,10:38:19,-07:00,2025-04-24T10:38:19-07:00,0,49
projects/index.html,9,html,cdee3e60,Gavin55555555555555,2025-04-24,10:39:35,-07:00,2025-04-24T10:39:35-07:00,0,48
projects/index.html,10,html,099ff7e1,Gavin55555555555555,2025-04-13,18:02:27,-07:00,2025-04-13T18:02:27-07:00,0,0
projects/index.html,11,html,40c36df1,Gavin55555555555555,2025-04-13,18:10:30,-07:00,2025-04-13T18:10:30-07:00,0,6
projects/index.html,12,html,40c36df1,Gavin55555555555555,2025-04-13,18:10:30,-07:00,2025-04-13T18:10:30-07:00,0,5
projects/index.html,13,html,a8962d4f,Gavin55555555555555,2025-04-24,10:01:45,-07:00,2025-04-24T10:01:45-07:00,0,50
projects/index.html,14,html,f3abfbca,Gavin55555555555555,2025-05-01,12:28:59,-07:00,2025-05-01T12:28:59-07:00,0,22
projects/index.html,15,html,f3abfbca,Gavin55555555555555,2025-05-01,12:28:59,-07:00,2025-05-01T12:28:59-07:00,0,49
projects/index.html,16,html,f3abfbca,Gavin55555555555555,2025-05-01,12:28:59,-07:00,2025-05-01T12:28:59-07:00,0,5
projects/index.html,17,html,f3abfbca,Gavin55555555555555,2025-05-01,12:28:59,-07:00,2025-05-01T12:28:59-07:00,0,20
projects/index.html,18,html,f3abfbca,Gavin55555555555555,2025-05-01,12:28:59,-07:00,2025-05-01T12:28:59-07:00,0,4
projects/index.html,19,html,f3abfbca,Gavin55555555555555,2025-05-01,12:28:59,-07:00,2025-05-01T12:28:59-07:00,0,5
projects/index.html,20,html,3f551665,Gavin55555555555555,2025-05-01,17:56:41,-07:00,2025-05-01T17:56:41-07:00,0,103
projects/index.html,21,html,3f551665,Gavin55555555555555,2025-05-01,17:56:41,-07:00,2025-05-01T17:56:41-07:00,0,0
projects/index.html,22,html,3f551665,Gavin55555555555555,2025-05-01,17:56:41,-07:00,2025-05-01T17:56:41-07:00,0,0
projects/index.html,23,html,3f551665,Gavin55555555555555,2025-05-01,17:56:41,-07:00,2025-05-01T17:56:41-07:00,0,0
projects/index.html,24,html,7a323ea5,Gavin55555555555555,2025-04-11,00:19:23,-07:00,2025-04-11T00:19:23-07:00,0,21
projects/index.html,25,html,a8962d4f,Gavin55555555555555,2025-04-24,10:01:45,-07:00,2025-04-24T10:01:45-07:00,0,0
projects/index.html,26,html,3f551665,Gavin55555555555555,2025-05-01,17:56:41,-07:00,2025-05-01T17:56:41-07:00,0,5
projects/index.html,27,html,3f551665,Gavin55555555555555,2025-05-01,17:56:41,-07:00,2025-05-01T17:56:41-07:00,0,0
projects/index.html,28,html,3afbbebe,Gavin55555555555555,2025-04-03,00:48:10,-07:00,2025-04-03T00:48:10-07:00,0,6
projects/index.html,29,html,3afbbebe,Gavin55555555555555,2025-04-03,00:48:10,-07:00,2025-04-03T00:48:10-07:00,0,6
meta/index.html,1,html,ae883059,Gavin55555555555555,2025-05-04,21:16:35,-07:00,2025-05-04T21:16:35-07:00,0,14
meta/index.html,2,html,ae883059,Gavin55555555555555,2025-05-04,21:16:35,-07:00,2025-05-04T21:16:35-07:00,0,5
meta/index.html,3,html,ae883059,Gavin55555555555555,2025-05-04,21:16:35,-07:00,2025-05-04T21:16:35-07:00,0,21
meta/index.html,4,html,ae883059,Gavin55555555555555,2025-05-04,21:16:35,-07:00,2025-05-04T21:16:35-07:00,0,69
meta/index.html,5,html,ae883059,Gavin55555555555555,2025-05-04,21:16:35,-07:00,2025-05-04T21:16:35-07:00,0,23
meta/index.html,6,html,ae883059,Gavin55555555555555,2025-05-04,21:16:35,-07:00,2025-05-04T21:16:35-07:00,0,58
meta/index.html,7,html,ae883059,Gavin55555555555555,2025-05-04,21:16:35,-07:00,2025-05-04T21:16:35-07:00,0,69
meta/index.html,8,html,ae883059,Gavin55555555555555,2025-05-04,21:16:35,-07:00,2025-05-04T21:16:35-07:00,0,6
meta/index.html,9,html,ae883059,Gavin55555555555555,2025-05-04,21:16:35,-07:00,2025-05-04T21:16:35-07:00,0,5
meta/index.html,10,html,3c7ca8f3,Gavin55555555555555,2025-05-04,21:21:37,-07:00,2025-05-04T21:21:37-07:00,0,24
meta/index.html,11,html,ae883059,Gavin55555555555555,2025-05-04,21:16:35,-07:00,2025-05-04T21:16:35-07:00,0,0
meta/index.html,12,html,ae883059,Gavin55555555555555,2025-05-04,21:16:35,-07:00,2025-05-04T21:16:35-07:00,0,6
contact/index.html,1,html,3afbbebe,Gavin55555555555555,2025-04-03,00:48:10,-07:00,2025-04-03T00:48:10-07:00,0,14
contact/index.html,2,html,3afbbebe,Gavin55555555555555,2025-04-03,00:48:10,-07:00,2025-04-03T00:48:10-07:00,0,15
contact/index.html,3,html,3afbbebe,Gavin55555555555555,2025-04-03,00:48:10,-07:00,2025-04-03T00:48:10-07:00,0,5
contact/index.html,4,html,3afbbebe,Gavin55555555555555,2025-04-03,00:48:10,-07:00,2025-04-03T00:48:10-07:00,0,21
contact/index.html,5,html,3afbbebe,Gavin55555555555555,2025-04-03,00:48:10,-07:00,2025-04-03T00:48:10-07:00,0,69
contact/index.html,6,html,3afbbebe,Gavin55555555555555,2025-04-03,00:48:10,-07:00,2025-04-03T00:48:10-07:00,0,26
contact/index.html,7,html,cdee3e60,Gavin55555555555555,2025-04-24,10:39:35,-07:00,2025-04-24T10:39:35-07:00,0,58
contact/index.html,8,html,cdee3e60,Gavin55555555555555,2025-04-24,10:39:35,-07:00,2025-04-24T10:39:35-07:00,0,69
contact/index.html,9,html,3afbbebe,Gavin55555555555555,2025-04-03,00:48:10,-07:00,2025-04-03T00:48:10-07:00,0,6
contact/index.html,10,html,3afbbebe,Gavin55555555555555,2025-04-03,00:48:10,-07:00,2025-04-03T00:48:10-07:00,0,5
contact/index.html,11,html,40c36df1,Gavin55555555555555,2025-04-13,18:10:30,-07:00,2025-04-13T18:10:30-07:00,0,0
contact/index.html,12,html,b19aeea7,Gavin55555555555555,2025-04-11,11:27:47,-07:00,2025-04-11T11:27:47-07:00,0,4
contact/index.html,13,html,b19aeea7,Gavin55555555555555,2025-04-11,11:27:47,-07:00,2025-04-11T11:27:47-07:00,0,19
contact/index.html,14,html,3afce5a3,Gavin55555555555555,2025-04-16,17:49:06,-07:00,2025-04-16T17:49:06-07:00,0,73
contact/index.html,15,html,b19aeea7,Gavin55555555555555,2025-04-11,11:27:47,-07:00,2025-04-11T11:27:47-07:00,0,48
contact/index.html,16,html,b19aeea7,Gavin55555555555555,2025-04-11,11:27:47,-07:00,2025-04-11T11:27:47-07:00,0,56
contact/index.html,17,html,b19aeea7,Gavin55555555555555,2025-04-11,11:27:47,-07:00,2025-04-11T11:27:47-07:00,0,38
contact/index.html,18,html,b19aeea7,Gavin55555555555555,2025-04-11,11:27:47,-07:00,2025-04-11T11:27:47-07:00,0,6
contact/index.html,19,html,b19aeea7,Gavin55555555555555,2025-04-11,11:27:47,-07:00,2025-04-11T11:27:47-07:00,0,5
contact/index.html,20,html,3afbbebe,Gavin55555555555555,2025-04-03,00:48:10,-07:00,2025-04-03T00:48:10-07:00,0,0
contact/index.html,21,html,3afbbebe,Gavin55555555555555,2025-04-03,00:48:10,-07:00,2025-04-03T00:48:10-07:00,0,6
contact/index.html,22,html,3afbbebe,Gavin55555555555555,2025-04-03,00:48:10,-07:00,2025-04-03T00:48:10-07:00,0,6
